sender,receiver,msg1,msg2,msg3,msg4,msg5,msg6,msg7,msg8,msg9,msg10
10,18,True,True,True,True,False,False,False,False,2,2
18,10,True,True,True,True,False,True,False,True,False,2
1,19,False,True,False,False,False,False,True,True,False,False
19,1,True,False,True,False,True,False,True,False,False,True
24,13,True,True,False,2,2,2,2,2,2,2
13,24,False,False,False,False,2,2,2,2,2,2
25,40,False,False,False,False,False,False,False,False,True,False
40,25,False,True,False,False,True,False,True,True,True,False
6,43,False,False,True,False,True,True,True,False,False,True
43,6,False,True,True,True,False,True,False,False,False,True
2,27,False,False,True,False,True,True,True,True,False,False
53,51,False,True,True,False,False,False,True,False,False,False
27,2,True,False,True,False,False,True,False,False,True,True
51,53,False,False,False,True,False,False,False,True,False,True
69,51,False,True,False,False,True,2,2,2,2,2
69,53,False,False,True,True,False,False,False,False,False,False
51,69,False,False,False,False,True,False,2,2,2,2
53,69,False,False,False,True,False,False,False,True,False,False
70,30,True,True,True,True,True,False,False,False,False,False
30,70,True,True,False,False,False,False,True,False,False,True
67,63,False,False,True,False,False,False,False,True,True,False
63,67,True,False,True,True,False,True,False,True,False,False
52,76,False,False,False,True,True,False,False,False,False,False
76,52,False,False,False,False,True,False,True,False,False,False
79,34,True,False,False,True,False,False,False,True,False,False
34,79,False,False,False,False,True,False,True,False,False,True
56,55,False,False,True,False,False,True,True,True,False,True
55,56,False,False,False,True,False,False,False,True,True,True
82,41,True,False,False,True,False,True,False,True,True,True
41,82,True,True,False,True,False,False,False,True,False,False
85,75,True,False,False,False,False,False,True,False,False,False
75,85,True,True,False,False,False,True,False,False,False,True
94,64,True,True,True,False,True,False,False,True,False,False
96,53,False,False,True,False,False,True,False,False,True,True
96,69,True,False,True,False,False,True,False,2,2,2
53,96,False,False,False,False,False,False,True,False,False,False
64,94,False,True,False,False,True,False,False,True,False,False
46,102,False,False,False,False,True,True,False,False,False,True
69,96,True,False,True,2,2,2,2,2,2,2
102,46,False,True,False,False,True,False,False,False,False,False
105,9,True,True,False,True,False,True,False,True,False,True
9,105,False,True,True,False,False,False,False,False,False,False
104,98,False,True,True,False,False,True,False,False,True,True
70,110,False,True,False,True,True,True,True,True,False,True
110,70,True,True,False,False,False,False,True,False,True,False
39,8,True,False,False,True,False,True,True,False,True,False
8,39,False,True,True,True,True,True,False,False,True,False
98,104,False,True,True,True,False,True,False,False,False,True
112,73,True,False,False,True,False,True,False,False,False,False
7,84,True,False,True,True,True,True,True,False,True,True
73,112,True,False,True,False,False,False,False,False,False,False
84,7,False,False,True,False,False,False,False,True,False,False
66,20,True,False,True,False,True,False,False,False,True,False
20,66,False,False,False,True,False,False,True,False,False,True
97,99,True,True,False,False,False,False,False,False,False,False
99,97,False,True,True,False,False,False,False,False,False,False
118,92,False,True,2,2,2,2,2,2,2,2
92,118,False,2,2,2,2,2,2,2,2,2
91,125,True,True,False,True,True,False,True,False,False,False
71,79,True,False,True,False,False,False,False,True,True,False
79,71,False,False,True,True,False,False,False,False,True,True
33,127,False,False,False,False,True,False,False,False,True,False
2,85,True,True,True,True,True,True,False,True,False,True
125,91,True,False,True,True,False,True,False,False,True,True
35,54,False,False,False,False,False,False,False,False,False,True
93,15,False,True,True,True,False,False,True,False,True,True
54,35,True,True,False,False,False,False,False,True,False,False
15,93,True,True,False,True,False,False,True,False,False,False
85,2,False,False,True,True,True,False,False,False,False,True
127,33,False,False,False,True,True,True,False,False,False,False
130,18,False,False,True,True,False,True,True,False,True,True
22,62,False,False,False,False,False,True,True,False,True,True
62,22,True,True,True,True,False,True,False,True,False,True
18,130,True,False,False,False,True,False,True,False,False,False
118,136,True,False,False,False,False,False,True,True,True,False
136,118,True,True,False,False,False,True,False,True,True,False
138,57,False,True,False,True,False,False,False,True,True,False
74,122,False,False,False,False,True,True,True,False,False,False
59,107,True,False,False,False,True,False,False,True,True,True
122,74,True,False,False,False,False,True,False,True,False,True
107,59,True,False,True,False,False,False,False,False,False,False
30,110,True,True,False,False,False,False,True,False,True,False
57,138,True,False,True,True,True,True,True,False,True,False
110,30,False,False,False,False,True,True,False,False,False,False
111,28,True,False,True,False,True,True,True,True,True,True
28,111,True,False,True,True,True,True,True,False,True,False
72,113,False,False,False,False,True,False,False,True,True,False
113,72,True,True,True,False,True,False,False,False,False,False
69,142,True,False,False,False,True,True,False,False,2,2
128,44,True,False,False,True,True,True,False,False,True,False
145,131,True,True,False,False,False,True,True,True,False,False
44,128,True,False,False,True,True,True,True,True,False,False
131,145,True,False,True,True,True,False,False,True,True,False
15,146,False,2,2,2,2,2,2,2,2,2
93,146,True,False,False,False,True,False,False,False,True,2
146,15,True,True,2,2,2,2,2,2,2,2
146,93,True,True,False,False,True,False,True,True,2,2
142,69,False,False,True,False,False,True,False,False,True,2
61,148,False,False,False,False,False,True,False,False,True,False
148,61,True,False,False,True,True,False,False,True,True,False
55,103,True,False,False,True,False,False,False,True,True,True
109,141,False,True,False,True,True,True,True,True,False,False
52,152,False,False,False,False,True,False,True,True,False,True
103,55,False,False,False,False,True,False,True,False,False,False
153,146,False,False,False,False,True,False,False,True,True,False
153,93,True,True,True,False,False,True,False,True,False,2
152,52,False,False,False,False,True,True,True,False,False,True
93,153,True,True,False,False,False,False,2,2,2,2
124,43,False,False,True,True,True,False,False,False,True,True
140,147,True,True,True,True,True,False,False,True,False,True
141,109,True,True,False,False,True,False,False,True,False,False
43,124,False,True,False,False,False,False,False,False,False,False
140,156,True,2,2,2,2,2,2,2,2,2
47,157,False,True,True,2,2,2,2,2,2,2
157,47,True,2,2,2,2,2,2,2,2,2
146,153,False,False,False,True,False,True,True,False,False,False
144,40,False,False,False,False,False,False,False,False,True,True
40,144,True,False,True,True,False,False,False,False,False,True
146,50,False,True,False,True,True,False,False,True,True,False
50,146,True,False,False,False,False,True,True,False,False,True
161,97,True,True,True,False,False,False,True,False,False,True
160,130,True,False,False,False,False,False,False,False,False,False
147,140,False,False,False,True,False,False,False,False,2,2
130,160,True,True,False,False,True,True,True,True,False,True
97,161,False,True,False,True,False,False,False,False,True,True
158,48,False,False,False,False,True,True,True,False,True,False
48,158,False,True,True,False,True,False,False,True,False,True
120,163,True,False,False,False,False,True,True,2,2,2
163,120,False,True,True,True,True,False,2,2,2,2
160,18,True,True,True,True,False,True,True,False,False,False
18,160,False,True,False,True,True,False,True,True,False,False
88,167,False,True,True,False,False,True,False,False,False,False
167,88,True,False,True,False,False,False,False,False,False,False
153,50,False,True,False,False,True,True,False,False,True,False
50,153,False,False,False,False,False,True,True,False,False,True
108,168,False,False,False,False,True,False,True,True,False,False
168,108,False,True,False,False,False,False,False,False,True,False
121,21,False,False,True,True,True,False,False,True,True,False
42,172,False,False,True,True,False,True,2,2,2,2
119,106,True,False,True,False,False,False,False,2,2,2
21,121,False,False,False,False,False,True,True,False,False,False
172,36,False,True,True,False,True,False,False,False,False,True
172,42,False,True,False,False,False,False,True,False,False,True
36,172,False,False,False,True,True,True,False,True,True,True
106,119,True,True,False,False,False,False,2,2,2,2
156,66,False,True,True,False,False,False,False,True,False,True
51,177,False,False,False,False,True,False,True,True,True,True
25,144,True,True,False,False,True,False,False,False,False,False
157,81,True,False,False,False,True,True,True,True,False,False
150,179,True,True,False,False,False,True,False,False,False,False
36,42,False,True,True,False,True,False,True,True,False,False
144,25,True,False,False,False,True,True,False,False,False,False
81,157,True,True,True,False,False,False,True,True,False,True
33,64,True,False,True,True,False,False,False,False,False,True
177,51,False,True,True,True,False,False,True,True,True,False
155,180,True,True,2,2,2,2,2,2,2,2
64,33,False,True,False,True,False,False,True,False,False,True
179,150,False,False,False,True,True,False,False,True,2,2
66,156,False,True,False,False,False,False,False,False,False,True
42,36,True,True,True,False,False,True,False,True,False,False
168,10,False,True,True,False,False,2,2,2,2,2
10,168,True,False,False,2,2,2,2,2,2,2
180,155,False,2,2,2,2,2,2,2,2,2
3,166,False,False,False,True,False,False,True,False,True,False
166,3,False,True,False,False,False,True,True,False,True,False
110,184,False,True,True,True,False,False,False,True,True,True
186,131,False,False,False,False,False,True,True,2,2,2
186,145,False,False,True,False,False,False,True,False,True,True
30,184,True,False,False,True,False,False,False,False,False,True
20,185,True,False,False,False,False,False,True,True,False,False
185,20,True,False,False,False,False,True,True,False,True,False
145,186,False,False,False,True,True,False,True,False,False,False
70,184,True,False,True,False,False,False,False,False,False,False
131,186,False,False,False,False,False,False,True,False,False,2
54,162,False,False,False,False,False,False,True,False,False,False
35,162,False,True,True,False,False,False,True,False,False,False
184,110,True,False,False,True,False,False,False,False,False,False
184,30,True,False,True,False,True,False,False,False,True,True
184,70,True,False,True,False,False,False,True,False,False,False
190,103,False,False,True,True,True,True,True,True,False,True
190,55,True,False,2,2,2,2,2,2,2,2
103,190,False,False,True,False,True,False,False,True,True,True
122,176,False,True,True,False,True,False,True,True,False,False
162,35,False,False,False,False,False,False,False,True,False,True
162,54,True,True,False,False,False,False,True,True,False,False
176,122,True,True,False,False,True,False,True,False,False,False
189,180,True,False,True,False,True,False,True,True,False,True
55,190,False,False,2,2,2,2,2,2,2,2
167,181,False,False,False,False,True,False,False,False,False,False
181,167,False,True,False,False,False,False,False,True,False,False
180,189,True,True,True,False,False,False,False,True,False,False
195,174,False,False,False,True,False,False,False,True,False,False
174,195,False,False,True,False,False,False,True,False,False,False
15,140,True,False,False,True,False,2,2,2,2,2
108,40,False,True,True,True,False,False,False,False,True,False
138,194,False,False,True,False,False,False,False,True,True,True
140,15,True,False,True,True,False,False,2,2,2,2
40,108,True,False,False,False,False,True,False,False,True,False
124,197,False,True,False,False,True,False,True,False,True,True
43,197,False,False,False,False,True,True,False,2,2,2
53,177,True,False,True,False,False,False,False,False,False,False
177,53,False,True,False,False,True,True,True,False,True,False
194,138,True,False,False,False,False,False,True,True,False,True
142,198,True,False,True,True,False,True,True,True,False,False
198,142,False,False,False,False,True,False,False,False,True,False
197,124,True,False,True,True,False,True,True,True,2,2
197,43,False,False,True,False,True,True,False,2,2,2
199,23,True,False,False,False,True,False,False,True,False,False
96,177,True,False,False,False,True,True,True,False,True,False
178,62,False,True,False,True,False,False,True,False,True,False
62,178,True,False,True,True,False,False,True,True,False,True
187,201,True,False,False,True,False,False,True,True,True,True
201,187,False,True,True,False,True,True,False,True,False,True
23,199,False,False,False,False,True,True,False,False,True,False
177,96,True,False,False,False,True,False,False,True,False,False
176,74,False,False,False,False,True,False,False,False,False,True
142,96,False,True,True,True,True,False,False,False,False,False
96,142,True,False,False,True,True,False,False,False,True,False
114,202,True,True,False,True,False,False,True,False,True,False
202,114,False,False,False,False,False,True,True,True,False,False
40,168,False,False,True,False,False,False,True,False,2,2
168,40,False,True,False,False,False,False,True,True,2,2
204,69,True,True,False,True,False,True,False,False,True,False
66,147,True,False,False,False,False,True,False,False,True,True
69,204,True,False,True,True,False,True,False,False,True,False
74,176,False,False,True,False,False,True,False,False,False,False
20,23,True,True,False,True,False,False,False,True,False,False
156,185,False,True,False,True,False,False,True,False,True,True
163,205,True,False,False,False,False,False,False,True,True,False
147,66,False,True,False,True,True,False,False,True,False,True
183,125,False,True,True,False,False,False,False,True,True,True
23,20,True,True,True,False,True,True,False,False,True,False
125,183,True,True,False,False,True,True,True,True,False,False
205,163,True,False,True,True,False,False,False,False,False,False
17,34,False,True,True,False,False,True,True,True,True,False
182,123,True,False,False,False,False,False,True,True,False,False
60,161,False,False,False,True,True,False,True,False,False,True
111,154,True,False,False,True,False,False,True,True,True,True
142,177,True,True,False,True,False,False,False,False,False,True
57,194,False,True,False,True,False,True,False,True,True,True
34,17,True,False,False,False,True,False,True,True,True,True
154,111,False,False,True,True,True,False,False,False,False,True
58,61,True,False,False,True,True,False,False,True,False,False
177,142,False,True,False,True,False,True,False,False,True,False
203,211,True,False,False,False,True,False,False,False,False,True
123,182,True,True,True,False,False,False,False,False,2,2
211,203,True,True,True,True,True,True,False,True,True,True
194,57,True,True,True,False,False,False,False,False,True,True
185,156,False,True,True,True,True,True,True,False,True,2
161,60,True,False,False,True,False,True,False,False,False,True
216,217,True,False,True,True,True,True,True,False,False,False
39,214,True,False,False,True,False,True,False,True,False,False
8,217,True,True,True,False,False,True,True,2,2,2
25,108,True,True,False,False,False,False,True,False,False,False
61,58,True,True,False,False,True,True,True,False,True,False
139,5,True,True,False,True,False,False,False,False,True,False
214,39,True,False,True,False,True,False,True,False,False,True
95,44,True,False,True,True,False,True,False,False,False,False
219,6,False,True,True,True,True,False,True,False,2,2
6,219,False,True,False,False,True,False,False,2,2,2
53,142,False,False,True,True,False,True,True,True,True,2
127,64,False,False,False,False,False,True,False,True,False,False
217,216,True,True,False,False,False,False,False,True,False,False
217,8,False,False,True,True,False,False,False,2,2,2
181,88,False,False,True,True,True,True,False,False,False,False
142,53,True,True,True,False,False,2,2,2,2,2
88,181,True,False,True,True,False,False,False,True,False,True
44,95,False,False,True,True,True,False,True,True,True,True
108,25,False,True,False,False,False,True,True,True,True,False
64,127,True,False,False,True,False,True,False,False,True,False
177,198,False,True,False,True,True,False,True,True,False,True
137,205,False,True,True,True,True,True,False,True,True,False
5,139,False,True,False,False,True,True,False,True,False,True
224,174,False,False,False,True,True,2,2,2,2,2
224,195,False,True,True,2,2,2,2,2,2,2
174,224,False,True,True,True,True,2,2,2,2,2
183,91,False,False,True,True,False,False,False,False,True,False
198,177,True,False,False,False,False,False,False,True,False,True
198,96,False,True,True,False,False,True,True,True,True,False
96,198,False,False,False,False,True,False,False,False,False,False
91,183,True,True,False,False,True,False,False,False,True,False
195,224,False,True,True,2,2,2,2,2,2,2
195,225,False,2,2,2,2,2,2,2,2,2
174,225,True,True,False,2,2,2,2,2,2,2
205,137,False,False,False,False,True,False,True,False,True,False
225,174,True,True,True,2,2,2,2,2,2,2
225,195,True,2,2,2,2,2,2,2,2,2
28,154,True,True,True,False,False,False,True,False,False,True
154,28,True,True,True,True,False,True,True,True,False,True
98,94,False,True,False,True,False,True,True,False,False,False
227,80,False,True,True,False,True,False,True,False,False,True
94,98,True,True,False,False,False,False,False,False,True,2
226,22,False,False,False,False,False,False,False,False,True,True
80,227,True,False,True,False,False,False,False,False,True,False
211,71,False,False,True,2,2,2,2,2,2,2
189,228,False,False,False,True,False,True,True,False,False,True
180,228,False,False,False,True,True,False,False,False,False,False
39,205,True,2,2,2,2,2,2,2,2,2
147,185,True,False,False,True,False,False,False,False,False,2
229,120,True,True,False,True,False,True,True,False,True,2
228,180,True,False,True,False,False,False,True,False,2,2
228,189,True,False,False,True,True,False,True,False,2,2
205,39,True,2,2,2,2,2,2,2,2,2
120,229,True,False,False,False,False,True,True,True,False,2
22,226,False,True,False,False,False,False,True,False,False,True
71,211,False,False,2,2,2,2,2,2,2,2
185,147,True,False,False,True,True,False,False,True,2,2
149,129,True,True,True,False,False,True,False,True,2,2
129,149,False,True,True,False,True,True,False,False,False,False
192,225,True,False,True,True,True,True,False,False,False,2
35,33,False,False,True,False,False,False,True,False,False,True
225,192,False,False,False,False,False,False,False,True,False,False
33,35,True,True,True,False,False,2,2,2,2,2
108,144,True,False,False,True,False,True,True,False,2,2
232,160,False,False,True,True,False,True,True,2,2,2
232,168,True,True,True,False,True,False,True,2,2,2
219,43,False,False,True,False,False,False,2,2,2,2
233,142,False,False,False,True,False,True,False,False,False,2
233,177,False,True,False,False,False,False,False,True,False,2
233,198,False,False,2,2,2,2,2,2,2,2
233,53,True,True,False,True,False,True,False,True,False,False
233,96,False,False,False,True,False,2,2,2,2,2
53,233,False,False,True,False,False,True,True,False,False,2
144,108,False,False,True,True,False,True,True,2,2,2
198,233,False,True,2,2,2,2,2,2,2,2
96,233,False,False,True,2,2,2,2,2,2,2
177,233,False,False,True,True,False,False,2,2,2,2
160,232,True,True,False,True,True,True,False,2,2,2
95,128,False,True,True,False,True,True,False,False,2,2
130,232,True,False,False,False,True,2,2,2,2,2
228,231,True,2,2,2,2,2,2,2,2,2
128,95,True,False,True,False,False,2,2,2,2,2
142,233,False,False,False,False,False,2,2,2,2,2
54,33,True,False,False,False,True,2,2,2,2,2
231,228,True,2,2,2,2,2,2,2,2,2
23,156,False,False,False,False,False,False,True,False,False,True
236,55,True,True,False,False,True,True,2,2,2,2
232,130,False,False,False,False,True,False,2,2,2,2
232,18,False,False,False,False,True,False,2,2,2,2
162,33,False,True,False,False,False,True,2,2,2,2
168,160,True,True,False,False,False,False,True,2,2,2
168,232,False,False,False,False,True,True,False,2,2,2
18,232,True,False,True,False,False,False,False,False,2,2
33,162,False,True,True,True,2,2,2,2,2,2
33,54,False,False,False,False,2,2,2,2,2,2
55,236,False,True,False,False,False,True,False,2,2,2
43,219,True,True,True,False,2,2,2,2,2,2
160,168,True,False,False,False,False,False,2,2,2,2
156,23,False,False,False,False,False,False,False,True,2,2
203,71,False,False,False,True,False,True,2,2,2,2
219,124,False,True,False,False,False,2,2,2,2,2
71,203,True,True,False,False,False,False,False,2,2,2
58,148,True,True,False,True,True,False,True,False,False,2
148,58,True,False,False,True,False,False,2,2,2,2
66,140,False,True,True,False,True,False,False,False,2,2
124,219,True,False,True,False,True,2,2,2,2,2
140,66,False,False,True,True,False,2,2,2,2,2
239,167,True,True,False,False,False,True,True,2,2,2
162,64,True,False,False,False,2,2,2,2,2,2
241,84,False,True,False,True,False,True,2,2,2,2
64,162,True,False,True,True,2,2,2,2,2,2
39,242,False,False,False,False,2,2,2,2,2,2
242,205,True,False,False,False,2,2,2,2,2,2
242,39,True,True,False,True,2,2,2,2,2,2
119,38,False,False,False,True,False,2,2,2,2,2
38,119,False,False,False,False,2,2,2,2,2,2
130,168,False,False,2,2,2,2,2,2,2,2
167,239,True,True,False,False,False,2,2,2,2,2
226,178,True,True,False,True,2,2,2,2,2,2
211,243,False,True,False,False,2,2,2,2,2,2
178,226,False,True,2,2,2,2,2,2,2,2
205,242,True,False,False,True,2,2,2,2,2,2
168,130,False,False,False,True,2,2,2,2,2,2
71,243,False,False,True,True,2,2,2,2,2,2
103,13,True,True,False,True,2,2,2,2,2,2
243,203,True,False,2,2,2,2,2,2,2,2
243,211,False,False,2,2,2,2,2,2,2,2
243,71,False,False,2,2,2,2,2,2,2,2
203,243,False,True,2,2,2,2,2,2,2,2
172,109,True,False,False,2,2,2,2,2,2,2
13,103,False,True,False,2,2,2,2,2,2,2
109,172,False,2,2,2,2,2,2,2,2,2
84,241,False,False,2,2,2,2,2,2,2,2
156,20,True,False,False,2,2,2,2,2,2,2
70,245,True,False,2,2,2,2,2,2,2,2
234,142,True,False,False,2,2,2,2,2,2,2
234,177,True,True,False,2,2,2,2,2,2,2
234,198,True,True,False,2,2,2,2,2,2,2
234,233,False,False,True,2,2,2,2,2,2,2
234,96,False,False,False,2,2,2,2,2,2,2
177,234,False,True,2,2,2,2,2,2,2,2
230,59,False,2,2,2,2,2,2,2,2,2
59,230,True,2,2,2,2,2,2,2,2,2
245,110,False,True,False,2,2,2,2,2,2,2
245,70,True,False,True,2,2,2,2,2,2,2
198,234,False,True,2,2,2,2,2,2,2,2
233,234,True,False,2,2,2,2,2,2,2,2
20,156,True,False,2,2,2,2,2,2,2,2
214,216,False,False,2,2,2,2,2,2,2,2
142,206,False,False,2,2,2,2,2,2,2,2
142,234,True,False,2,2,2,2,2,2,2,2
110,245,False,True,2,2,2,2,2,2,2,2
246,51,True,False,2,2,2,2,2,2,2,2
51,246,True,True,2,2,2,2,2,2,2,2
16,159,False,2,2,2,2,2,2,2,2,2
198,206,True,2,2,2,2,2,2,2,2,2
206,142,True,2,2,2,2,2,2,2,2,2
206,198,False,2,2,2,2,2,2,2,2,2
96,234,True,2,2,2,2,2,2,2,2,2
127,162,True,2,2,2,2,2,2,2,2,2
