sender,receiver,msg1,msg2,msg3,msg4,msg5,msg6,msg7,msg8,msg9,msg10,msg11,msg12,msg13,msg14,msg15,msg16,msg17,msg18,msg19,msg20
10,18,True,True,False,True,True,True,True,False,True,False,True,2,2,2,2,2,2,2,2,2
18,10,True,True,False,False,False,False,False,True,False,2,2,2,2,2,2,2,2,2,2,2
1,19,False,False,False,False,False,True,False,False,True,False,False,True,False,False,True,True,True,False,False,True
19,1,False,False,False,True,True,False,False,False,False,False,True,False,False,False,True,True,False,False,True,False
24,13,True,False,False,True,False,2,2,2,2,2,2,2,2,2,2,2,2,2,2,2
13,24,True,False,2,2,2,2,2,2,2,2,2,2,2,2,2,2,2,2,2,2
40,25,False,False,False,True,False,False,True,False,True,False,False,False,True,True,True,False,True,False,True,False
25,40,False,False,True,False,False,False,False,True,False,True,False,True,False,False,True,True,False,True,False,False
43,6,True,True,True,False,True,True,False,True,False,False,False,True,False,True,True,True,False,False,True,False
6,43,False,True,True,False,False,False,False,True,True,True,False,False,True,False,False,False,False,False,False,True
53,51,False,True,True,False,True,True,True,False,True,True,True,True,True,False,False,False,False,True,False,True
2,27,False,True,False,True,True,False,True,False,False,True,False,False,True,False,False,True,True,False,False,True
51,53,True,True,True,False,False,False,False,False,True,False,True,True,False,False,True,False,False,True,False,False
27,2,False,False,False,False,True,False,False,False,False,True,True,False,False,False,False,False,False,False,True,True
51,69,True,False,False,True,True,True,2,2,2,2,2,2,2,2,2,2,2,2,2,2
53,69,False,False,False,False,True,False,False,True,False,False,2,2,2,2,2,2,2,2,2,2
30,70,True,True,False,False,True,False,True,True,True,False,False,True,True,True,True,False,True,False,True,True
69,51,True,True,True,False,False,2,2,2,2,2,2,2,2,2,2,2,2,2,2,2
69,53,True,False,False,True,True,False,False,2,2,2,2,2,2,2,2,2,2,2,2,2
70,30,True,False,False,False,False,True,False,False,True,True,True,True,False,True,False,False,False,False,False,False
63,67,False,True,False,False,False,True,False,False,True,False,False,True,True,True,True,False,False,False,True,False
76,52,False,False,False,False,False,False,False,True,False,True,False,False,False,False,False,True,False,False,False,False
52,76,False,True,False,True,False,False,False,False,True,False,True,False,False,False,False,True,True,False,True,False
67,63,False,False,True,False,False,True,False,False,False,True,False,False,True,False,True,False,False,True,False,False
79,34,True,False,False,True,False,True,False,False,False,True,False,True,False,False,False,False,True,False,False,False
34,79,False,False,True,True,True,False,False,False,False,True,True,True,False,False,False,True,False,True,True,False
56,55,True,False,True,False,True,False,True,False,True,False,False,False,False,True,True,False,False,False,False,True
41,82,True,False,False,True,False,True,False,True,True,False,False,False,True,False,True,2,2,2,2,2
75,85,False,False,True,False,False,False,True,False,True,False,True,True,False,True,False,False,False,False,False,True
82,41,True,False,True,False,False,False,False,False,False,False,True,True,True,False,False,2,2,2,2,2
55,56,True,False,False,True,False,False,False,False,False,True,False,True,False,True,False,False,False,False,False,False
85,75,False,False,True,True,True,False,False,True,True,False,True,False,False,False,False,True,True,False,False,True
94,64,True,False,True,True,False,False,True,True,False,True,False,False,False,True,True,False,True,2,2,2
96,53,True,True,False,True,True,True,False,False,False,False,True,False,True,False,False,True,False,False,True,True
96,69,True,False,True,False,False,True,True,True,True,2,2,2,2,2,2,2,2,2,2,2
69,96,True,True,True,True,True,False,False,True,True,2,2,2,2,2,2,2,2,2,2,2
53,96,True,False,False,False,True,True,True,True,True,False,False,False,False,False,True,False,True,True,True,True
64,94,True,True,False,False,True,False,False,False,False,False,2,2,2,2,2,2,2,2,2,2
102,46,True,False,False,False,True,False,False,False,False,True,True,False,False,True,True,False,False,False,False,False
46,102,True,True,False,True,False,True,False,False,True,False,False,False,False,False,True,False,True,False,True,False
105,9,False,False,False,False,False,False,False,False,2,2,2,2,2,2,2,2,2,2,2,2
110,70,True,True,False,True,False,False,False,False,True,False,True,True,False,False,False,True,True,True,True,False
8,39,False,False,False,False,False,True,True,True,False,False,True,False,False,True,False,False,True,False,True,False
73,112,True,True,False,False,False,False,True,False,False,False,False,True,True,False,True,False,False,True,True,True
9,105,False,True,False,False,True,True,2,2,2,2,2,2,2,2,2,2,2,2,2,2
112,73,False,True,False,False,False,True,False,False,True,False,True,False,True,False,False,False,False,False,False,False
98,104,True,False,False,True,False,True,True,True,False,True,False,True,False,False,False,False,True,True,False,False
104,98,False,False,True,True,False,False,False,True,True,False,False,True,False,False,False,True,True,False,False,False
70,110,True,False,False,True,False,False,True,False,False,False,False,True,False,False,False,True,True,False,True,True
7,84,True,False,True,False,False,False,False,False,True,True,True,True,False,False,False,False,True,False,False,False
84,7,False,False,True,False,False,True,False,True,False,True,False,False,True,False,False,False,True,True,True,True
39,8,True,False,False,True,True,False,True,False,True,False,True,False,True,False,False,False,True,False,True,False
20,66,True,True,False,False,False,True,False,False,False,True,False,False,True,False,True,False,False,True,2,2
66,20,True,False,True,False,False,True,False,True,False,False,False,False,True,True,False,True,False,False,False,False
97,99,False,True,False,False,True,True,False,False,True,False,False,False,False,True,False,False,True,True,True,False
99,97,False,True,True,False,False,False,True,False,True,False,False,True,True,True,True,False,False,True,True,True
118,92,True,2,2,2,2,2,2,2,2,2,2,2,2,2,2,2,2,2,2,2
92,118,False,2,2,2,2,2,2,2,2,2,2,2,2,2,2,2,2,2,2,2
125,91,True,True,False,True,False,True,True,False,True,False,True,False,False,False,False,False,False,True,True,False
79,71,True,True,True,True,True,True,False,True,False,False,True,False,False,False,True,False,True,True,True,False
91,125,False,False,False,False,False,False,True,False,False,False,True,False,False,False,False,False,True,True,False,False
71,79,True,False,False,False,False,True,False,False,False,False,False,False,False,False,True,False,True,False,False,False
2,85,True,True,True,False,False,True,False,True,True,False,False,False,True,True,False,False,True,False,False,True
33,127,True,False,False,False,True,False,True,False,False,False,True,True,True,False,False,False,False,False,False,True
85,2,False,True,False,False,False,True,False,True,True,False,False,False,False,False,False,False,False,True,True,True
127,33,True,True,False,False,True,True,False,False,True,False,True,False,False,False,False,False,False,False,2,2
93,15,True,False,False,False,True,True,False,True,False,True,True,True,False,True,False,True,False,True,False,False
15,93,True,False,False,False,False,False,True,False,True,True,False,False,False,False,True,True,True,False,True,False
54,35,True,False,True,False,True,True,False,False,False,True,False,True,True,False,False,False,True,False,False,True
62,22,True,False,False,True,True,False,False,False,False,False,True,True,True,False,False,True,False,False,True,True
35,54,False,True,False,False,True,False,False,False,False,False,False,False,False,True,False,False,False,True,False,False
22,62,True,False,False,False,True,False,True,True,False,True,True,True,False,True,True,False,True,True,False,True
130,18,True,False,False,False,True,False,False,False,False,False,False,True,True,False,False,True,False,True,False,2
18,130,True,False,False,False,False,False,False,False,False,True,False,False,True,False,2,2,2,2,2,2
118,136,True,False,True,False,False,True,False,True,True,False,False,False,False,False,True,False,False,False,False,True
136,118,True,True,True,True,True,False,True,False,True,False,False,True,False,False,True,False,True,False,False,True
122,74,True,False,False,False,True,False,False,False,True,False,True,False,False,True,False,False,False,True,False,False
74,122,True,False,False,True,True,False,True,True,True,True,True,False,False,True,False,True,False,False,True,False
30,110,False,False,True,False,False,True,False,True,False,False,True,True,True,True,False,False,True,True,False,False
107,59,True,False,False,False,True,True,True,False,False,False,False,False,True,False,False,2,2,2,2,2
110,30,False,True,False,False,False,False,False,True,False,False,True,False,False,True,True,False,False,False,True,False
59,107,True,True,False,True,True,False,True,False,True,True,False,False,True,True,True,False,True,True,2,2
138,57,False,True,False,False,True,False,False,True,True,False,True,False,False,True,True,False,True,True,True,False
57,138,True,False,False,True,False,False,False,True,True,False,False,True,False,False,True,True,False,True,False,False
142,69,False,True,True,True,False,False,False,False,False,False,False,2,2,2,2,2,2,2,2,2
111,28,True,False,False,True,False,False,False,True,False,False,True,False,False,False,False,False,True,True,True,True
113,72,False,False,True,True,False,False,True,True,False,False,False,True,False,False,True,False,True,True,False,True
28,111,False,True,False,True,True,True,False,False,True,False,True,False,True,True,False,True,True,False,False,False
69,142,True,False,False,False,False,True,True,False,True,True,False,True,False,True,2,2,2,2,2,2
72,113,False,False,False,False,True,False,True,True,False,True,False,False,False,True,True,False,True,True,True,False
128,44,True,False,False,False,False,True,False,True,False,True,False,True,False,True,False,False,True,True,True,False
93,146,True,True,False,False,False,True,False,True,False,True,2,2,2,2,2,2,2,2,2,2
146,15,False,False,2,2,2,2,2,2,2,2,2,2,2,2,2,2,2,2,2,2
146,93,True,True,False,True,False,True,False,2,2,2,2,2,2,2,2,2,2,2,2,2
44,128,False,True,True,False,False,False,True,False,False,True,False,True,False,False,False,True,False,True,False,False
15,146,True,2,2,2,2,2,2,2,2,2,2,2,2,2,2,2,2,2,2,2
145,131,True,False,False,True,False,True,False,False,False,False,True,False,False,True,True,True,False,True,True,False
131,145,False,False,True,False,True,True,True,True,True,True,False,False,True,True,True,False,False,False,True,False
55,103,False,False,True,False,True,True,False,False,True,False,False,True,False,False,True,False,False,2,2,2
61,148,False,True,True,False,False,True,True,True,False,True,True,True,False,True,False,False,False,False,True,False
103,55,True,False,True,False,False,False,False,False,False,True,False,True,True,True,2,2,2,2,2,2
141,109,False,True,False,True,False,False,False,False,True,True,True,True,True,True,False,False,False,False,False,True
152,52,False,True,False,True,False,False,False,False,False,False,False,True,False,False,False,False,True,True,True,False
153,146,False,True,False,False,False,False,False,True,True,False,True,True,False,True,True,True,True,True,False,False
153,93,True,True,False,True,False,True,False,True,2,2,2,2,2,2,2,2,2,2,2,2
43,124,False,True,True,True,False,False,False,True,True,False,False,False,False,True,False,True,True,2,2,2
52,152,True,False,False,False,True,False,True,False,True,False,False,False,True,True,True,True,False,True,True,True
93,153,True,True,True,True,False,False,False,False,2,2,2,2,2,2,2,2,2,2,2,2
140,147,False,False,False,False,False,False,True,2,2,2,2,2,2,2,2,2,2,2,2,2
109,141,True,False,True,False,False,False,False,False,False,False,False,True,True,False,False,False,False,False,False,False
148,61,True,True,False,True,False,False,True,True,True,False,True,False,False,True,False,True,False,False,False,False
147,140,False,True,False,False,False,False,True,True,False,True,2,2,2,2,2,2,2,2,2,2
157,47,True,False,True,False,2,2,2,2,2,2,2,2,2,2,2,2,2,2,2,2
47,157,True,False,False,2,2,2,2,2,2,2,2,2,2,2,2,2,2,2,2,2
146,153,False,False,False,True,False,False,False,False,False,False,False,False,True,True,True,False,False,True,False,True
124,43,False,True,False,False,False,True,False,True,False,True,False,False,False,False,False,True,2,2,2,2
40,144,False,False,False,False,True,False,True,False,False,True,True,False,True,False,2,2,2,2,2,2
144,40,True,True,True,False,True,False,True,True,False,False,True,False,False,False,False,False,False,2,2,2
158,48,False,False,False,False,False,False,True,True,True,False,False,False,False,False,True,True,False,False,2,2
161,97,False,False,True,False,True,False,True,False,True,True,True,True,False,False,2,2,2,2,2,2
160,130,False,False,False,True,True,True,False,False,True,False,False,False,False,False,False,False,2,2,2,2
50,146,False,True,False,False,True,False,True,False,False,False,True,False,False,False,2,2,2,2,2,2
130,160,False,False,True,False,False,True,False,False,False,False,False,False,True,True,True,False,False,True,2,2
146,50,False,False,False,False,False,False,False,False,True,False,False,False,False,False,True,False,True,False,2,2
48,158,True,True,False,True,True,False,False,True,False,False,True,False,2,2,2,2,2,2,2,2
97,161,False,False,False,False,False,True,True,False,False,True,False,True,False,False,True,2,2,2,2,2
163,120,False,False,False,True,False,2,2,2,2,2,2,2,2,2,2,2,2,2,2,2
120,163,True,False,False,False,False,False,True,True,False,False,2,2,2,2,2,2,2,2,2,2
167,88,False,True,True,False,False,False,False,True,False,False,True,True,False,True,False,True,2,2,2,2
18,160,False,True,True,True,False,False,False,True,False,False,False,False,False,False,False,2,2,2,2,2
160,18,False,True,False,False,False,False,False,False,True,True,True,False,False,2,2,2,2,2,2,2
50,153,True,False,False,False,False,False,False,True,False,False,True,False,2,2,2,2,2,2,2,2
108,168,True,True,False,False,False,True,False,False,False,True,False,2,2,2,2,2,2,2,2,2
168,108,False,False,True,True,False,True,False,False,False,False,False,True,2,2,2,2,2,2,2,2
88,167,False,False,True,True,False,True,True,False,False,False,2,2,2,2,2,2,2,2,2,2
172,36,False,False,False,False,False,True,False,False,True,True,False,False,2,2,2,2,2,2,2,2
36,172,True,False,False,True,True,False,True,True,False,True,2,2,2,2,2,2,2,2,2,2
21,121,False,False,True,True,False,False,False,True,False,True,True,2,2,2,2,2,2,2,2,2
121,21,True,False,False,False,False,False,False,True,True,True,False,True,False,False,False,2,2,2,2,2
153,50,False,True,False,False,False,True,True,True,True,False,False,True,2,2,2,2,2,2,2,2
172,42,True,False,True,True,False,False,True,True,2,2,2,2,2,2,2,2,2,2,2,2
119,106,True,False,False,True,False,True,False,2,2,2,2,2,2,2,2,2,2,2,2,2
42,172,False,False,False,True,False,True,False,False,2,2,2,2,2,2,2,2,2,2,2,2
106,119,True,True,False,False,True,2,2,2,2,2,2,2,2,2,2,2,2,2,2,2
177,51,True,True,False,True,True,False,True,True,True,False,2,2,2,2,2,2,2,2,2,2
156,66,True,False,False,False,False,True,False,False,False,2,2,2,2,2,2,2,2,2,2,2
157,81,True,False,True,False,False,True,True,2,2,2,2,2,2,2,2,2,2,2,2,2
66,156,False,False,True,False,False,2,2,2,2,2,2,2,2,2,2,2,2,2,2,2
150,179,True,True,False,True,False,False,2,2,2,2,2,2,2,2,2,2,2,2,2,2
144,25,False,False,False,False,True,False,True,True,True,True,True,2,2,2,2,2,2,2,2,2
64,33,True,True,False,True,False,True,False,2,2,2,2,2,2,2,2,2,2,2,2,2
81,157,False,False,False,True,False,False,False,False,True,2,2,2,2,2,2,2,2,2,2,2
180,155,False,False,True,2,2,2,2,2,2,2,2,2,2,2,2,2,2,2,2,2
33,64,False,True,False,False,False,True,True,False,True,2,2,2,2,2,2,2,2,2,2,2
179,150,True,True,True,False,True,False,False,True,True,2,2,2,2,2,2,2,2,2,2,2
51,177,True,False,False,True,False,True,False,False,True,2,2,2,2,2,2,2,2,2,2,2
42,36,True,False,False,True,False,False,True,True,2,2,2,2,2,2,2,2,2,2,2,2
155,180,True,False,2,2,2,2,2,2,2,2,2,2,2,2,2,2,2,2,2,2
168,10,True,False,False,True,True,2,2,2,2,2,2,2,2,2,2,2,2,2,2,2
25,144,False,True,False,False,True,False,True,2,2,2,2,2,2,2,2,2,2,2,2,2
36,42,False,True,False,False,True,False,2,2,2,2,2,2,2,2,2,2,2,2,2,2
70,184,True,True,True,False,True,False,False,2,2,2,2,2,2,2,2,2,2,2,2,2
166,3,True,False,False,False,False,False,2,2,2,2,2,2,2,2,2,2,2,2,2,2
185,20,True,False,False,False,False,False,True,2,2,2,2,2,2,2,2,2,2,2,2,2
30,184,True,False,True,False,True,True,False,2,2,2,2,2,2,2,2,2,2,2,2,2
3,166,False,True,False,True,False,False,2,2,2,2,2,2,2,2,2,2,2,2,2,2
10,168,True,False,True,2,2,2,2,2,2,2,2,2,2,2,2,2,2,2,2,2
20,185,False,False,False,True,True,2,2,2,2,2,2,2,2,2,2,2,2,2,2,2
131,186,True,False,False,False,False,2,2,2,2,2,2,2,2,2,2,2,2,2,2,2
184,110,True,False,True,True,False,True,True,2,2,2,2,2,2,2,2,2,2,2,2,2
184,30,True,True,True,False,True,False,True,2,2,2,2,2,2,2,2,2,2,2,2,2
184,70,True,True,True,False,False,False,True,2,2,2,2,2,2,2,2,2,2,2,2,2
186,131,True,True,False,True,True,2,2,2,2,2,2,2,2,2,2,2,2,2,2,2
186,145,False,True,False,False,True,2,2,2,2,2,2,2,2,2,2,2,2,2,2,2
110,184,False,True,False,False,True,True,2,2,2,2,2,2,2,2,2,2,2,2,2,2
145,186,True,True,True,True,True,False,2,2,2,2,2,2,2,2,2,2,2,2,2,2
162,35,False,False,True,False,True,2,2,2,2,2,2,2,2,2,2,2,2,2,2,2
162,54,False,False,False,False,False,2,2,2,2,2,2,2,2,2,2,2,2,2,2,2
180,189,False,False,False,True,True,False,2,2,2,2,2,2,2,2,2,2,2,2,2,2
189,180,True,False,True,True,False,False,2,2,2,2,2,2,2,2,2,2,2,2,2,2
176,122,False,True,True,False,False,False,2,2,2,2,2,2,2,2,2,2,2,2,2,2
54,162,True,False,True,True,True,False,2,2,2,2,2,2,2,2,2,2,2,2,2,2
35,162,False,False,True,2,2,2,2,2,2,2,2,2,2,2,2,2,2,2,2,2
190,103,False,False,False,True,2,2,2,2,2,2,2,2,2,2,2,2,2,2,2,2
190,55,True,2,2,2,2,2,2,2,2,2,2,2,2,2,2,2,2,2,2,2
55,190,True,False,2,2,2,2,2,2,2,2,2,2,2,2,2,2,2,2,2,2
103,190,True,False,False,True,True,2,2,2,2,2,2,2,2,2,2,2,2,2,2,2
122,176,True,True,True,False,2,2,2,2,2,2,2,2,2,2,2,2,2,2,2,2
167,181,True,2,2,2,2,2,2,2,2,2,2,2,2,2,2,2,2,2,2,2
174,195,True,False,2,2,2,2,2,2,2,2,2,2,2,2,2,2,2,2,2,2
40,108,True,False,2,2,2,2,2,2,2,2,2,2,2,2,2,2,2,2,2,2
108,40,False,False,2,2,2,2,2,2,2,2,2,2,2,2,2,2,2,2,2,2
15,140,True,False,2,2,2,2,2,2,2,2,2,2,2,2,2,2,2,2,2,2
140,15,True,False,2,2,2,2,2,2,2,2,2,2,2,2,2,2,2,2,2,2
181,167,True,True,True,2,2,2,2,2,2,2,2,2,2,2,2,2,2,2,2,2
195,174,True,False,2,2,2,2,2,2,2,2,2,2,2,2,2,2,2,2,2,2
138,194,False,False,2,2,2,2,2,2,2,2,2,2,2,2,2,2,2,2,2,2
194,138,True,2,2,2,2,2,2,2,2,2,2,2,2,2,2,2,2,2,2,2
177,53,False,2,2,2,2,2,2,2,2,2,2,2,2,2,2,2,2,2,2,2
53,177,False,2,2,2,2,2,2,2,2,2,2,2,2,2,2,2,2,2,2,2
197,124,True,2,2,2,2,2,2,2,2,2,2,2,2,2,2,2,2,2,2,2
197,43,False,2,2,2,2,2,2,2,2,2,2,2,2,2,2,2,2,2,2,2
