sender,receiver,msg1,msg2,msg3,msg4,msg5,msg6,msg7,msg8,msg9,msg10,msg11,msg12,msg13,msg14,msg15,msg16,msg17,msg18,msg19,msg20
18,10,False,True,True,False,False,2,2,2,2,2,2,2,2,2,2,2,2,2,2,2
10,18,False,False,False,False,True,True,False,False,2,2,2,2,2,2,2,2,2,2,2,2
1,19,True,True,False,True,False,True,False,False,False,True,True,True,True,True,False,False,False,False,True,False
19,1,False,False,False,False,True,True,True,False,False,True,False,False,False,True,True,False,False,False,True,True
24,13,True,False,False,2,2,2,2,2,2,2,2,2,2,2,2,2,2,2,2,2
13,24,False,False,False,2,2,2,2,2,2,2,2,2,2,2,2,2,2,2,2,2
25,40,False,True,True,False,False,False,True,True,False,False,False,False,False,False,False,False,False,True,False,True
40,25,False,False,False,False,True,False,False,False,False,True,True,True,False,False,False,True,True,True,False,True
6,43,True,False,True,False,False,False,False,True,True,False,True,False,True,False,True,True,False,True,True,True
43,6,False,False,False,False,True,True,True,False,True,True,True,True,False,False,True,False,False,False,False,False
53,51,False,False,False,True,False,True,False,False,False,False,True,True,False,False,True,True,True,True,True,False
2,27,True,False,False,False,False,False,False,True,False,False,False,False,True,True,False,True,True,False,True,False
27,2,False,False,True,True,True,True,False,False,True,True,False,True,False,True,True,True,False,False,True,True
51,53,True,False,False,True,True,False,False,True,False,False,False,False,False,False,True,False,True,True,True,False
53,69,False,True,False,True,True,False,False,2,2,2,2,2,2,2,2,2,2,2,2,2
69,51,False,True,False,False,True,True,2,2,2,2,2,2,2,2,2,2,2,2,2,2
69,53,True,False,False,True,False,True,True,False,True,True,True,2,2,2,2,2,2,2,2,2
51,69,True,False,True,False,True,False,2,2,2,2,2,2,2,2,2,2,2,2,2,2
30,70,True,True,False,True,False,True,False,False,False,False,True,False,False,False,False,True,True,True,True,False
70,30,True,False,False,False,False,True,False,True,True,True,False,False,False,False,False,False,False,False,False,True
63,67,True,True,False,False,False,True,False,False,False,True,True,True,True,True,False,True,False,False,False,True
67,63,False,False,False,False,False,True,True,True,False,False,True,False,True,True,True,False,True,True,False,False
52,76,True,False,False,True,False,True,True,True,True,True,True,False,False,True,False,False,False,True,False,False
76,52,False,False,False,False,False,False,True,True,False,True,False,False,False,False,True,True,True,True,False,False
79,34,False,True,False,True,False,False,False,False,False,False,True,True,False,False,True,False,False,True,2,2
34,79,False,True,False,False,False,False,False,False,False,False,False,False,True,False,False,False,False,False,2,2
56,55,True,False,False,False,True,False,False,False,False,True,False,True,False,False,True,True,False,True,False,False
55,56,False,True,False,False,False,False,False,False,False,False,False,True,False,True,False,False,True,True,False,False
41,82,False,True,False,True,False,True,False,False,False,True,True,True,False,True,2,2,2,2,2,2
85,75,False,False,True,True,False,False,False,True,False,False,False,False,False,False,True,False,True,False,True,False
82,41,False,False,False,True,False,False,True,False,False,False,False,False,2,2,2,2,2,2,2,2
75,85,True,True,True,False,False,False,False,True,False,False,False,True,False,True,False,False,False,False,False,False
69,96,True,False,False,False,2,2,2,2,2,2,2,2,2,2,2,2,2,2,2,2
64,94,True,True,False,False,True,True,True,False,False,False,False,False,2,2,2,2,2,2,2,2
94,64,False,False,False,False,True,True,False,True,False,False,True,True,2,2,2,2,2,2,2,2
96,53,True,False,False,True,False,True,True,False,True,True,False,True,False,True,True,False,True,True,False,False
96,69,True,True,True,False,2,2,2,2,2,2,2,2,2,2,2,2,2,2,2,2
53,96,True,True,False,False,True,False,False,True,False,False,False,False,True,True,False,False,True,False,True,False
102,46,False,False,False,False,False,False,False,True,False,True,True,True,False,True,False,False,True,True,False,False
46,102,True,False,True,False,True,True,False,False,False,False,False,False,False,False,True,False,False,True,True,False
9,105,True,False,True,False,False,False,False,False,2,2,2,2,2,2,2,2,2,2,2,2
105,9,True,True,False,True,True,True,True,True,False,2,2,2,2,2,2,2,2,2,2,2
70,110,False,False,True,True,False,False,False,True,False,True,True,False,False,True,False,True,False,True,False,False
39,8,False,False,True,True,False,False,False,False,True,True,False,False,False,True,False,True,False,False,False,False
110,70,True,False,True,False,False,True,False,False,True,True,False,False,True,True,True,False,False,False,True,True
73,112,True,False,False,False,True,False,False,False,True,False,True,False,False,False,True,True,True,True,True,False
84,7,True,False,False,True,True,True,True,False,False,False,False,True,True,False,True,True,True,True,False,False
8,39,False,False,False,False,False,False,False,False,False,False,True,False,False,True,False,False,True,False,True,True
98,104,False,True,False,False,True,False,False,False,False,False,True,True,True,True,True,False,True,False,True,True
112,73,False,False,False,False,False,True,False,True,True,True,False,True,True,False,True,True,True,True,False,False
7,84,True,False,True,False,False,True,False,True,True,True,False,False,False,False,False,False,True,True,True,False
20,66,True,True,False,True,False,False,False,True,False,True,True,False,True,False,False,False,False,False,False,False
66,20,False,True,True,False,True,True,False,False,False,True,False,False,False,True,False,False,False,False,False,False
104,98,False,True,False,False,True,False,True,True,False,True,False,True,False,False,True,False,False,False,False,True
99,97,False,False,False,False,False,True,True,False,False,True,False,False,False,False,True,False,False,False,False,True
97,99,False,False,False,False,False,False,True,True,True,False,False,True,False,True,True,True,False,False,False,True
92,118,False,False,2,2,2,2,2,2,2,2,2,2,2,2,2,2,2,2,2,2
71,79,True,True,True,False,False,True,False,False,False,True,True,False,False,False,True,False,True,False,False,False
125,91,True,True,False,False,False,False,False,False,False,False,False,False,False,True,False,True,False,False,False,False
91,125,True,True,False,False,True,False,False,True,False,False,False,False,True,False,True,False,False,True,False,True
79,71,True,True,True,True,False,False,False,True,False,True,False,True,True,True,True,False,False,False,True,False
33,127,True,True,True,True,False,False,False,False,True,False,False,False,False,False,False,False,True,True,False,False
85,2,False,True,False,True,False,False,True,False,True,False,False,False,True,False,False,False,True,False,False,False
127,33,True,False,False,False,False,False,False,False,False,False,True,True,False,True,False,False,True,False,False,True
2,85,False,True,True,False,False,False,False,False,False,False,True,False,False,True,True,False,True,False,False,False
54,35,True,False,True,False,False,False,True,True,False,True,False,True,False,True,True,False,False,False,False,True
62,22,True,False,False,False,False,False,False,False,False,False,False,False,True,True,False,True,False,False,False,True
35,54,True,False,True,False,False,False,False,False,False,False,False,False,False,False,False,True,False,False,False,False
18,130,True,False,False,True,False,False,False,False,False,False,False,False,False,False,False,False,False,True,False,True
22,62,False,False,True,False,False,True,True,False,False,True,True,False,True,True,False,False,False,True,False,True
15,93,False,True,False,True,True,False,False,True,False,True,False,False,False,False,False,True,False,False,True,False
93,15,False,True,False,False,False,True,True,True,False,False,True,True,True,False,False,False,True,False,False,True
130,18,True,False,False,False,True,False,True,False,False,False,False,True,False,True,False,False,True,False,False,False
136,118,False,True,False,False,True,True,True,True,True,True,False,False,False,False,False,True,False,True,True,True
118,136,False,True,False,True,False,False,True,False,False,True,False,False,False,False,False,True,False,False,True,False
74,122,True,False,False,True,False,True,False,True,False,False,False,False,True,True,False,False,True,False,False,False
122,74,True,True,True,False,True,False,False,True,False,True,False,False,True,True,False,False,True,False,True,False
43,124,True,False,True,True,True,True,True,True,False,True,False,False,True,False,True,True,True,True,False,True
57,138,True,True,True,False,True,True,False,True,False,False,False,False,False,True,False,True,True,False,False,False
138,57,True,False,False,False,False,False,False,True,False,False,False,True,True,True,False,False,True,False,False,False
30,110,False,True,False,False,False,True,True,True,False,False,True,True,False,False,True,False,True,False,True,False
110,30,False,False,True,False,False,True,True,True,True,True,False,True,True,False,False,False,False,False,True,True
124,43,False,False,False,False,False,False,False,True,True,True,False,True,False,True,False,False,False,True,False,False
107,59,True,True,False,True,False,False,False,True,False,True,False,True,False,False,False,True,True,True,True,True
59,107,True,True,False,True,True,True,False,False,True,False,False,False,True,True,True,False,2,2,2,2
69,142,True,True,False,False,False,True,True,False,False,True,False,True,2,2,2,2,2,2,2,2
113,72,True,True,False,True,False,False,False,True,True,False,False,True,False,True,False,False,False,False,False,False
142,69,False,True,True,True,True,False,False,True,2,2,2,2,2,2,2,2,2,2,2,2
28,111,False,True,True,False,True,True,True,True,True,True,False,False,False,True,True,True,False,False,False,False
111,28,True,True,True,False,True,False,False,True,False,False,True,False,False,False,True,False,True,False,False,False
44,128,True,False,True,False,False,True,False,False,False,False,False,True,False,False,True,False,False,True,False,False
15,146,True,True,2,2,2,2,2,2,2,2,2,2,2,2,2,2,2,2,2,2
93,146,False,True,False,False,True,False,False,False,False,False,False,False,True,2,2,2,2,2,2,2
131,145,False,False,True,True,True,False,False,False,False,False,True,True,False,False,False,False,False,True,True,False
146,15,True,2,2,2,2,2,2,2,2,2,2,2,2,2,2,2,2,2,2,2
146,93,False,False,True,True,False,True,True,False,True,2,2,2,2,2,2,2,2,2,2,2
128,44,True,False,True,False,False,False,False,False,True,False,True,True,True,False,True,False,True,False,True,True
145,131,True,True,False,False,False,False,True,True,True,True,True,False,True,False,False,True,False,False,False,False
72,113,False,True,False,False,False,True,False,True,False,True,False,False,False,True,True,True,False,False,True,True
103,55,True,True,True,False,False,False,True,False,False,False,False,True,False,False,False,False,2,2,2,2
148,61,True,False,False,False,False,False,True,False,False,False,False,False,False,True,True,False,False,True,False,True
55,103,True,False,True,True,False,False,False,False,True,False,True,True,False,False,False,False,False,False,False,True
61,148,False,True,False,True,False,False,False,False,True,True,False,False,False,False,True,True,False,True,False,False
141,109,True,False,False,True,False,False,False,False,True,True,False,False,False,True,False,False,True,True,False,False
109,141,True,False,False,False,True,False,True,False,False,False,False,False,False,True,True,True,False,True,False,False
52,152,False,False,True,False,False,False,True,False,False,False,False,True,True,False,True,True,True,True,False,False
152,52,False,True,True,False,False,False,True,True,False,False,True,True,False,False,True,True,False,False,False,False
140,147,False,False,False,False,True,False,True,True,True,False,False,False,False,False,True,True,2,2,2,2
147,140,False,True,True,False,False,False,True,False,True,False,True,True,False,True,True,2,2,2,2,2
146,153,True,True,False,False,True,True,True,False,True,True,True,True,False,False,False,False,False,True,True,True
93,153,False,False,False,True,False,True,True,False,True,False,False,2,2,2,2,2,2,2,2,2
153,146,False,False,False,False,True,False,True,True,False,False,True,False,True,False,False,False,False,True,False,False
153,93,False,True,False,False,False,True,True,False,False,False,2,2,2,2,2,2,2,2,2,2
156,140,True,2,2,2,2,2,2,2,2,2,2,2,2,2,2,2,2,2,2,2
140,156,False,2,2,2,2,2,2,2,2,2,2,2,2,2,2,2,2,2,2,2
47,157,False,False,2,2,2,2,2,2,2,2,2,2,2,2,2,2,2,2,2,2
40,144,True,False,True,False,True,True,True,False,True,True,True,False,True,True,True,True,False,True,True,True
144,40,False,False,False,True,True,True,False,False,True,False,True,False,False,False,False,False,True,False,False,True
157,47,True,True,2,2,2,2,2,2,2,2,2,2,2,2,2,2,2,2,2,2
160,130,True,True,False,False,False,True,False,False,False,False,True,True,False,False,True,False,True,False,False,False
97,161,False,False,True,True,False,False,False,False,True,False,False,True,False,False,True,False,False,False,False,True
146,50,True,False,False,False,False,True,False,True,True,True,False,False,False,True,True,False,False,False,False,False
161,97,True,False,False,False,False,True,False,True,True,False,False,True,True,False,True,False,False,False,False,True
48,158,False,False,False,False,True,False,False,True,False,False,False,False,True,False,True,True,True,False,True,True
50,146,True,False,False,True,False,True,True,True,True,True,False,False,False,True,False,True,True,True,False,True
130,160,False,False,False,True,True,False,True,True,False,True,True,False,False,False,True,True,True,False,False,True
163,120,False,False,False,False,False,True,False,False,False,True,False,False,2,2,2,2,2,2,2,2
158,48,True,False,True,False,False,False,True,False,True,True,False,False,False,False,True,False,False,False,False,False
160,18,True,False,False,False,True,False,False,True,False,False,True,False,False,False,False,False,False,True,False,False
120,163,False,True,True,False,False,True,False,True,False,2,2,2,2,2,2,2,2,2,2,2
18,160,False,False,False,True,False,False,False,False,False,False,True,True,True,False,True,False,False,False,False,False
50,153,False,False,False,False,True,False,True,False,True,True,False,False,True,True,False,False,True,True,True,True
153,50,False,False,True,False,False,False,True,False,True,False,True,True,False,False,False,False,False,False,True,True
88,167,False,False,True,True,False,True,True,False,False,False,False,True,True,False,False,2,2,2,2,2
167,88,False,True,False,True,False,True,False,False,False,False,True,False,False,False,False,True,False,False,False,False
108,168,True,False,False,True,True,True,False,False,False,True,False,False,False,False,True,False,False,True,True,False
168,108,False,True,False,False,True,True,False,True,False,False,False,False,True,True,False,False,True,False,False,False
121,21,False,False,False,True,False,True,True,False,False,False,False,False,True,True,True,True,False,False,False,False
42,172,True,True,False,False,False,False,True,True,False,True,2,2,2,2,2,2,2,2,2,2
36,172,True,False,True,False,True,True,False,False,False,False,True,True,False,False,True,True,2,2,2,2
119,106,True,False,True,False,True,False,False,False,2,2,2,2,2,2,2,2,2,2,2,2
21,121,False,False,False,False,False,True,True,False,False,False,True,False,False,False,False,False,False,False,False,False
172,36,False,False,False,True,False,True,False,False,True,False,True,False,False,True,True,False,False,False,True,2
172,42,True,True,False,True,False,False,True,False,True,True,False,2,2,2,2,2,2,2,2,2
106,119,False,True,True,False,True,True,True,False,False,True,False,False,False,2,2,2,2,2,2,2
156,66,True,False,True,False,True,False,False,True,False,True,True,False,True,False,False,False,2,2,2,2
177,51,True,False,False,False,False,True,False,False,True,False,False,True,False,False,False,False,False,2,2,2
66,156,False,True,True,False,True,False,True,True,False,False,True,True,False,False,False,False,True,2,2,2
51,177,True,False,True,True,False,False,True,False,False,False,False,True,True,False,2,2,2,2,2,2
64,33,True,False,True,True,False,False,False,False,True,False,False,True,False,True,True,False,True,True,False,False
179,150,False,False,False,True,False,False,False,True,False,False,True,True,True,False,True,False,False,False,False,True
155,180,True,False,False,2,2,2,2,2,2,2,2,2,2,2,2,2,2,2,2,2
180,155,True,True,False,2,2,2,2,2,2,2,2,2,2,2,2,2,2,2,2,2
33,64,False,False,False,False,True,False,False,False,True,True,True,False,False,False,True,True,False,True,True,False
10,168,False,False,True,False,False,False,False,False,2,2,2,2,2,2,2,2,2,2,2,2
81,157,True,False,True,False,False,True,False,False,True,False,True,False,False,False,True,True,False,False,False,True
25,144,True,False,True,False,False,False,True,False,False,True,True,False,True,False,False,False,False,True,True,True
42,36,True,False,True,False,False,False,False,True,False,True,False,True,False,False,True,False,False,False,False,True
150,179,True,False,False,False,True,True,False,False,False,False,True,False,False,True,True,2,2,2,2,2
144,25,True,False,True,True,False,False,True,False,True,False,True,False,True,True,False,False,False,True,False,False
168,10,False,False,False,False,True,2,2,2,2,2,2,2,2,2,2,2,2,2,2,2
36,42,False,False,False,False,True,True,False,True,False,False,True,False,True,False,True,True,False,True,True,True
3,166,False,True,False,False,False,False,False,False,False,True,False,False,False,True,True,False,False,True,False,True
166,3,False,False,True,True,True,False,False,False,False,False,True,False,True,True,True,True,False,True,False,True
30,184,False,False,False,False,True,False,False,True,True,True,False,False,True,True,True,False,False,True,True,False
184,110,False,False,True,True,True,True,False,False,False,True,True,False,False,False,False,False,True,True,False,False
184,30,True,False,False,True,False,True,False,True,True,False,False,False,True,True,False,True,False,False,False,True
184,70,False,False,True,True,True,False,False,True,True,True,False,False,True,False,False,False,False,False,True,True
157,81,False,False,True,False,True,False,False,False,False,True,True,False,True,True,True,False,True,False,True,True
185,20,False,False,False,False,True,False,True,True,True,False,True,True,True,True,False,False,False,2,2,2
186,131,False,False,False,True,True,False,True,False,False,2,2,2,2,2,2,2,2,2,2,2
186,145,False,True,False,True,True,True,True,False,False,False,True,False,False,False,True,False,False,False,False,False
145,186,False,False,False,False,False,False,False,True,True,False,False,True,False,False,True,False,False,False,False,False
131,186,True,False,False,False,False,True,True,False,2,2,2,2,2,2,2,2,2,2,2,2
70,184,True,False,True,False,False,False,False,True,False,False,True,False,False,False,False,True,True,False,False,False
20,185,True,False,False,False,True,True,False,True,False,True,True,False,False,2,2,2,2,2,2,2
110,184,True,False,True,True,False,True,True,True,False,False,False,False,False,False,False,False,True,False,False,True
54,162,True,False,False,False,False,True,False,False,True,True,False,False,True,False,False,True,True,True,True,False
35,162,False,False,True,True,True,False,True,False,False,False,True,False,False,False,True,True,False,True,False,False
180,189,True,False,True,False,True,True,True,False,False,True,True,False,True,False,False,False,False,False,True,False
162,35,False,False,False,False,False,False,True,True,False,False,True,False,False,True,True,False,False,False,True,False
162,54,False,False,False,False,False,False,True,True,False,True,True,False,False,True,False,True,True,True,False,True
189,180,True,True,False,True,True,True,False,True,False,True,True,True,True,False,True,False,False,True,True,True
55,190,False,True,2,2,2,2,2,2,2,2,2,2,2,2,2,2,2,2,2,2
122,176,False,True,False,False,False,True,False,True,False,False,True,True,True,True,True,True,False,False,True,True
176,122,True,False,False,True,True,True,True,False,False,False,True,False,True,False,False,True,True,True,False,True
190,103,False,False,False,False,False,False,False,False,False,True,True,True,False,False,False,False,False,False,False,False
190,55,True,False,2,2,2,2,2,2,2,2,2,2,2,2,2,2,2,2,2,2
103,190,False,False,True,False,True,True,False,False,True,False,False,False,True,True,True,True,False,False,True,False
167,181,False,False,False,False,False,False,False,True,False,False,False,True,2,2,2,2,2,2,2,2
140,15,True,True,False,False,False,False,2,2,2,2,2,2,2,2,2,2,2,2,2,2
181,167,True,False,True,False,False,False,True,True,True,True,False,False,False,False,2,2,2,2,2,2
15,140,False,False,False,False,False,False,False,False,2,2,2,2,2,2,2,2,2,2,2,2
174,195,False,False,False,False,True,False,False,True,False,False,True,False,False,False,False,False,False,True,False,True
194,138,True,False,False,True,True,True,False,False,True,False,False,False,True,False,True,False,True,False,True,False
138,194,True,False,True,False,False,True,False,True,False,False,False,False,False,False,True,True,False,False,False,True
53,177,False,True,False,False,True,False,False,False,True,False,True,False,False,True,False,False,True,False,True,False
197,124,False,False,True,False,False,2,2,2,2,2,2,2,2,2,2,2,2,2,2,2
124,197,True,False,False,True,True,True,True,False,2,2,2,2,2,2,2,2,2,2,2,2
195,174,False,False,True,True,True,True,True,True,False,False,True,False,False,False,False,True,False,True,True,False
177,53,False,True,False,True,False,False,False,True,True,False,True,True,False,False,False,True,False,True,True,2
40,108,False,False,True,True,False,False,True,False,True,False,False,False,True,True,True,True,False,False,True,False
108,40,True,False,False,True,False,False,True,False,True,False,True,False,False,False,False,True,2,2,2,2
198,142,True,True,True,True,False,False,False,False,False,False,False,False,True,False,True,False,True,True,False,False
189,155,True,False,2,2,2,2,2,2,2,2,2,2,2,2,2,2,2,2,2,2
155,189,False,False,False,2,2,2,2,2,2,2,2,2,2,2,2,2,2,2,2,2
142,198,True,False,True,False,False,False,True,False,False,False,True,False,False,False,False,False,False,False,False,True
199,23,False,True,False,True,False,True,False,False,False,True,False,False,True,2,2,2,2,2,2,2
23,199,False,False,False,True,False,False,False,False,False,False,False,False,False,2,2,2,2,2,2,2
177,96,False,True,False,False,False,True,True,True,False,False,False,True,False,False,False,False,False,True,True,False
201,187,False,False,False,False,False,True,False,True,False,False,True,False,False,True,True,2,2,2,2,2
178,62,True,True,True,True,False,True,False,False,True,True,False,False,True,False,False,True,False,False,2,2
96,177,True,False,True,True,True,False,True,True,True,False,False,True,False,False,False,True,False,False,True,True
187,201,False,True,False,False,True,False,True,False,True,False,False,False,False,True,2,2,2,2,2,2
62,178,True,True,True,True,False,False,False,True,False,True,True,True,True,False,True,False,False,True,False,False
74,176,True,True,False,True,False,True,False,True,False,False,False,False,True,False,False,False,False,False,False,False
142,96,False,False,False,True,True,False,False,True,True,True,True,True,False,True,True,True,False,False,True,True
96,142,True,False,False,True,False,False,True,False,False,True,False,False,False,True,False,False,True,False,False,False
114,202,False,False,True,True,True,True,False,False,False,False,False,False,True,False,False,False,False,True,2,2
202,114,True,False,False,True,False,False,False,False,False,True,False,True,False,True,False,True,False,2,2,2
69,204,True,True,False,True,False,False,True,False,False,False,False,True,False,True,False,True,False,False,False,False
168,40,True,False,True,True,True,False,False,False,True,True,2,2,2,2,2,2,2,2,2,2
176,74,True,False,False,True,False,True,False,False,False,False,False,True,False,False,2,2,2,2,2,2
20,23,False,False,False,False,True,False,True,True,True,False,True,False,True,False,False,False,False,True,False,2
66,147,True,True,True,False,True,False,True,True,True,True,True,True,True,True,False,True,True,True,False,False
147,66,True,False,False,False,True,True,True,True,True,False,False,False,False,False,2,2,2,2,2,2
204,69,True,False,True,True,False,True,True,True,False,False,True,False,False,True,True,False,False,2,2,2
40,168,False,False,False,False,False,True,False,False,True,True,True,False,2,2,2,2,2,2,2,2
185,156,True,False,True,True,False,False,False,True,True,True,True,False,False,True,True,True,False,2,2,2
23,20,True,True,False,True,False,False,True,False,True,False,False,False,False,True,False,True,False,True,False,True
182,123,True,False,True,True,False,False,False,False,True,False,False,False,False,True,True,True,2,2,2,2
123,182,True,False,False,True,True,True,False,False,True,True,False,False,True,2,2,2,2,2,2,2
205,163,True,False,True,False,True,True,True,False,False,False,False,False,False,True,False,False,2,2,2,2
203,211,True,False,False,True,False,True,True,False,False,False,False,False,True,False,False,True,False,False,2,2
183,125,False,True,False,False,True,True,True,False,True,True,False,True,False,True,True,False,False,False,2,2
17,34,False,True,True,False,True,True,False,True,True,True,False,False,True,True,False,True,False,True,False,2
34,17,False,True,False,False,True,False,True,False,False,False,True,False,True,False,False,False,True,False,False,2
125,183,True,False,True,True,False,True,True,True,False,True,False,False,False,True,False,True,False,2,2,2
211,203,True,True,True,True,True,False,False,False,False,False,True,True,False,False,False,False,2,2,2,2
111,154,True,False,False,False,True,True,True,False,True,True,False,True,True,False,False,False,False,True,2,2
154,111,False,True,True,False,False,False,True,False,False,False,False,True,False,False,False,2,2,2,2,2
156,185,True,False,False,False,False,False,True,False,False,False,2,2,2,2,2,2,2,2,2,2
58,61,True,False,False,False,False,True,True,True,True,False,True,False,True,2,2,2,2,2,2,2
88,181,True,True,False,False,True,True,False,True,False,False,False,True,True,False,True,False,2,2,2,2
142,177,True,True,False,False,True,True,True,True,False,False,True,False,False,True,True,True,True,False,False,True
177,142,False,False,False,False,False,False,True,True,False,False,True,False,False,2,2,2,2,2,2,2
61,58,False,False,False,True,False,True,False,False,False,False,True,False,False,False,False,False,True,2,2,2
161,60,False,False,True,False,True,True,True,False,False,False,True,True,False,False,False,False,2,2,2,2
57,194,True,True,False,False,False,True,True,False,False,False,False,False,False,False,True,False,False,False,2,2
181,88,True,False,False,False,False,False,False,False,False,False,False,True,True,False,False,2,2,2,2,2
39,214,False,False,True,True,True,True,False,True,2,2,2,2,2,2,2,2,2,2,2,2
25,108,False,True,True,False,False,True,True,True,True,False,False,False,False,True,False,False,2,2,2,2
163,205,False,False,True,True,True,False,True,True,False,True,True,True,True,False,2,2,2,2,2,2
139,5,True,False,False,True,True,False,False,True,False,True,False,True,True,True,True,True,2,2,2,2
142,53,False,False,False,True,True,True,False,True,True,False,False,2,2,2,2,2,2,2,2,2
214,39,False,True,True,False,False,False,True,False,False,False,False,False,False,True,2,2,2,2,2,2
44,95,False,True,True,False,False,True,False,True,False,False,False,False,False,False,True,True,True,False,2,2
219,6,False,False,False,True,True,True,False,False,True,False,2,2,2,2,2,2,2,2,2,2
216,217,False,True,True,True,True,False,False,False,False,False,True,False,True,True,False,False,2,2,2,2
53,142,True,False,False,True,True,False,False,2,2,2,2,2,2,2,2,2,2,2,2,2
8,217,False,False,False,False,False,False,False,True,2,2,2,2,2,2,2,2,2,2,2,2
217,216,True,False,True,False,False,True,False,True,False,False,False,False,False,2,2,2,2,2,2,2
217,8,True,True,False,True,True,False,2,2,2,2,2,2,2,2,2,2,2,2,2,2
60,161,False,False,False,False,True,False,True,True,True,False,True,False,True,2,2,2,2,2,2,2
6,219,True,False,True,False,True,True,True,2,2,2,2,2,2,2,2,2,2,2,2,2
95,44,False,True,False,True,True,False,False,True,False,True,False,True,False,True,False,True,2,2,2,2
108,25,True,False,True,False,True,True,False,True,False,False,False,False,2,2,2,2,2,2,2,2
5,139,True,True,False,True,False,False,True,False,True,True,True,False,False,False,2,2,2,2,2,2
194,57,False,False,True,False,True,False,True,True,False,False,True,True,True,False,True,False,False,True,False,2
64,127,False,True,True,False,True,False,False,False,False,True,False,2,2,2,2,2,2,2,2,2
205,137,False,True,False,False,True,False,True,False,False,False,False,False,False,2,2,2,2,2,2,2
198,177,True,False,True,False,True,False,True,False,False,True,True,True,True,True,True,2,2,2,2,2
177,198,False,True,False,True,True,False,True,False,True,False,True,2,2,2,2,2,2,2,2,2
137,205,False,True,False,False,True,False,True,True,False,False,True,False,False,2,2,2,2,2,2,2
183,91,False,True,False,True,False,True,False,False,True,False,False,2,2,2,2,2,2,2,2,2
96,198,True,True,True,True,True,False,True,False,False,True,False,2,2,2,2,2,2,2,2,2
127,64,True,False,False,False,False,True,True,True,False,False,False,2,2,2,2,2,2,2,2,2
91,183,False,False,False,False,False,False,True,False,False,True,True,True,False,False,False,True,2,2,2,2
195,224,True,False,False,2,2,2,2,2,2,2,2,2,2,2,2,2,2,2,2,2
224,174,False,True,False,2,2,2,2,2,2,2,2,2,2,2,2,2,2,2,2,2
224,195,False,True,False,2,2,2,2,2,2,2,2,2,2,2,2,2,2,2,2,2
174,224,True,False,False,2,2,2,2,2,2,2,2,2,2,2,2,2,2,2,2,2
198,96,False,False,True,True,False,False,True,False,False,True,False,False,True,False,2,2,2,2,2,2
98,94,False,True,True,False,True,False,False,False,False,False,False,False,False,False,False,2,2,2,2,2
154,28,False,False,False,False,True,True,True,False,False,False,False,2,2,2,2,2,2,2,2,2
94,98,False,True,False,False,True,False,True,False,True,False,False,2,2,2,2,2,2,2,2,2
226,22,True,True,False,True,False,True,True,True,False,False,True,False,False,False,2,2,2,2,2,2
124,219,False,False,False,False,False,True,True,True,False,2,2,2,2,2,2,2,2,2,2,2
225,174,False,2,2,2,2,2,2,2,2,2,2,2,2,2,2,2,2,2,2,2
174,225,True,2,2,2,2,2,2,2,2,2,2,2,2,2,2,2,2,2,2,2
80,227,False,False,True,True,False,True,False,False,False,False,2,2,2,2,2,2,2,2,2,2
211,71,True,True,2,2,2,2,2,2,2,2,2,2,2,2,2,2,2,2,2,2
71,211,True,False,True,2,2,2,2,2,2,2,2,2,2,2,2,2,2,2,2,2
219,124,True,True,False,False,True,False,True,False,True,True,2,2,2,2,2,2,2,2,2,2
227,80,True,False,True,False,True,False,True,False,False,False,True,True,False,True,2,2,2,2,2,2
22,226,False,False,True,False,False,True,False,False,False,2,2,2,2,2,2,2,2,2,2,2
28,154,False,True,False,False,False,False,True,False,2,2,2,2,2,2,2,2,2,2,2,2
228,180,False,False,False,True,False,False,False,False,True,2,2,2,2,2,2,2,2,2,2,2
228,189,True,False,False,False,True,True,False,True,False,2,2,2,2,2,2,2,2,2,2,2
225,192,False,False,True,False,True,True,False,False,False,False,False,2,2,2,2,2,2,2,2,2
120,229,True,False,True,False,True,True,True,False,False,2,2,2,2,2,2,2,2,2,2,2
189,228,True,False,False,False,False,True,2,2,2,2,2,2,2,2,2,2,2,2,2,2
231,180,True,False,2,2,2,2,2,2,2,2,2,2,2,2,2,2,2,2,2,2
231,228,False,False,2,2,2,2,2,2,2,2,2,2,2,2,2,2,2,2,2,2
147,185,True,False,False,False,True,False,True,True,False,True,False,2,2,2,2,2,2,2,2,2
229,120,False,True,False,True,True,True,True,False,False,2,2,2,2,2,2,2,2,2,2,2
180,228,False,False,False,False,False,False,False,False,False,True,False,2,2,2,2,2,2,2,2,2
180,231,True,False,True,2,2,2,2,2,2,2,2,2,2,2,2,2,2,2,2,2
149,129,True,True,True,True,True,True,True,False,False,2,2,2,2,2,2,2,2,2,2,2
129,149,True,False,True,False,True,False,2,2,2,2,2,2,2,2,2,2,2,2,2,2
192,225,False,False,True,True,True,False,2,2,2,2,2,2,2,2,2,2,2,2,2,2
228,231,True,False,False,False,2,2,2,2,2,2,2,2,2,2,2,2,2,2,2,2
185,147,True,True,True,False,False,True,False,False,True,2,2,2,2,2,2,2,2,2,2,2
144,108,True,True,True,False,False,False,False,False,True,False,2,2,2,2,2,2,2,2,2,2
168,232,False,False,False,False,True,False,True,False,2,2,2,2,2,2,2,2,2,2,2,2
108,144,True,True,False,True,True,False,True,2,2,2,2,2,2,2,2,2,2,2,2,2
177,233,False,True,True,False,False,False,False,2,2,2,2,2,2,2,2,2,2,2,2,2
33,35,False,False,True,False,True,False,True,False,2,2,2,2,2,2,2,2,2,2,2,2
233,142,True,False,True,False,True,2,2,2,2,2,2,2,2,2,2,2,2,2,2,2
233,177,False,False,True,True,2,2,2,2,2,2,2,2,2,2,2,2,2,2,2,2
233,198,True,True,2,2,2,2,2,2,2,2,2,2,2,2,2,2,2,2,2,2
233,53,True,False,False,False,True,2,2,2,2,2,2,2,2,2,2,2,2,2,2,2
233,96,True,False,2,2,2,2,2,2,2,2,2,2,2,2,2,2,2,2,2,2
198,233,True,True,True,2,2,2,2,2,2,2,2,2,2,2,2,2,2,2,2,2
142,233,False,False,True,False,True,True,False,2,2,2,2,2,2,2,2,2,2,2,2,2
95,128,False,False,True,True,False,False,False,False,2,2,2,2,2,2,2,2,2,2,2,2
35,33,True,False,False,True,True,False,False,2,2,2,2,2,2,2,2,2,2,2,2,2
232,130,True,True,True,False,False,True,True,True,False,2,2,2,2,2,2,2,2,2,2,2
232,160,True,False,False,False,True,True,False,False,False,2,2,2,2,2,2,2,2,2,2,2
232,168,True,False,True,False,False,True,False,False,False,2,2,2,2,2,2,2,2,2,2,2
96,233,True,False,2,2,2,2,2,2,2,2,2,2,2,2,2,2,2,2,2,2
130,232,False,True,False,False,False,True,True,False,False,2,2,2,2,2,2,2,2,2,2,2
53,233,True,False,False,False,False,True,True,False,2,2,2,2,2,2,2,2,2,2,2,2
168,160,False,True,False,False,True,False,2,2,2,2,2,2,2,2,2,2,2,2,2,2
33,162,True,False,True,False,True,True,True,2,2,2,2,2,2,2,2,2,2,2,2,2
128,95,False,False,True,False,False,True,False,2,2,2,2,2,2,2,2,2,2,2,2,2
162,33,True,False,True,False,True,2,2,2,2,2,2,2,2,2,2,2,2,2,2,2
23,156,False,True,False,False,True,2,2,2,2,2,2,2,2,2,2,2,2,2,2,2
156,23,False,False,True,False,False,False,2,2,2,2,2,2,2,2,2,2,2,2,2,2
66,140,True,True,True,False,False,False,False,True,2,2,2,2,2,2,2,2,2,2,2,2
232,18,False,False,False,True,False,True,False,True,2,2,2,2,2,2,2,2,2,2,2,2
55,236,False,True,False,True,True,2,2,2,2,2,2,2,2,2,2,2,2,2,2,2
203,71,False,False,False,False,False,False,False,2,2,2,2,2,2,2,2,2,2,2,2,2
239,167,True,False,True,True,True,2,2,2,2,2,2,2,2,2,2,2,2,2,2,2
148,58,False,True,False,True,False,2,2,2,2,2,2,2,2,2,2,2,2,2,2,2
18,232,False,True,False,False,True,2,2,2,2,2,2,2,2,2,2,2,2,2,2,2
71,203,True,False,False,False,False,2,2,2,2,2,2,2,2,2,2,2,2,2,2,2
160,168,True,True,False,True,True,False,2,2,2,2,2,2,2,2,2,2,2,2,2,2
160,232,True,False,False,False,True,False,2,2,2,2,2,2,2,2,2,2,2,2,2,2
167,239,False,False,True,False,2,2,2,2,2,2,2,2,2,2,2,2,2,2,2,2
58,148,True,False,False,True,2,2,2,2,2,2,2,2,2,2,2,2,2,2,2,2
119,38,True,False,False,False,False,False,2,2,2,2,2,2,2,2,2,2,2,2,2,2
64,162,False,True,False,2,2,2,2,2,2,2,2,2,2,2,2,2,2,2,2,2
130,168,True,True,False,False,True,True,False,2,2,2,2,2,2,2,2,2,2,2,2,2
140,66,True,False,True,False,True,2,2,2,2,2,2,2,2,2,2,2,2,2,2,2
162,64,True,False,False,False,2,2,2,2,2,2,2,2,2,2,2,2,2,2,2,2
38,119,False,False,False,False,True,2,2,2,2,2,2,2,2,2,2,2,2,2,2,2
168,130,True,False,False,False,2,2,2,2,2,2,2,2,2,2,2,2,2,2,2,2
236,55,True,False,True,False,False,False,2,2,2,2,2,2,2,2,2,2,2,2,2,2
84,241,True,True,False,False,2,2,2,2,2,2,2,2,2,2,2,2,2,2,2,2
241,84,True,2,2,2,2,2,2,2,2,2,2,2,2,2,2,2,2,2,2,2
226,178,True,False,True,2,2,2,2,2,2,2,2,2,2,2,2,2,2,2,2,2
103,13,False,True,True,False,2,2,2,2,2,2,2,2,2,2,2,2,2,2,2,2
178,226,False,True,2,2,2,2,2,2,2,2,2,2,2,2,2,2,2,2,2,2
109,172,True,False,False,2,2,2,2,2,2,2,2,2,2,2,2,2,2,2,2,2
13,103,True,False,True,2,2,2,2,2,2,2,2,2,2,2,2,2,2,2,2,2
243,203,False,True,False,2,2,2,2,2,2,2,2,2,2,2,2,2,2,2,2,2
243,211,True,True,True,2,2,2,2,2,2,2,2,2,2,2,2,2,2,2,2,2
243,71,True,True,True,2,2,2,2,2,2,2,2,2,2,2,2,2,2,2,2,2
172,109,False,False,False,2,2,2,2,2,2,2,2,2,2,2,2,2,2,2,2,2
71,243,False,False,False,2,2,2,2,2,2,2,2,2,2,2,2,2,2,2,2,2
211,243,False,2,2,2,2,2,2,2,2,2,2,2,2,2,2,2,2,2,2,2
242,39,True,False,False,2,2,2,2,2,2,2,2,2,2,2,2,2,2,2,2,2
203,243,False,False,False,2,2,2,2,2,2,2,2,2,2,2,2,2,2,2,2,2
39,242,True,False,2,2,2,2,2,2,2,2,2,2,2,2,2,2,2,2,2,2
156,20,True,2,2,2,2,2,2,2,2,2,2,2,2,2,2,2,2,2,2,2
20,156,True,True,2,2,2,2,2,2,2,2,2,2,2,2,2,2,2,2,2,2
70,245,False,True,2,2,2,2,2,2,2,2,2,2,2,2,2,2,2,2,2,2
245,110,False,False,2,2,2,2,2,2,2,2,2,2,2,2,2,2,2,2,2,2
245,70,True,False,2,2,2,2,2,2,2,2,2,2,2,2,2,2,2,2,2,2
234,142,True,False,2,2,2,2,2,2,2,2,2,2,2,2,2,2,2,2,2,2
234,177,False,False,2,2,2,2,2,2,2,2,2,2,2,2,2,2,2,2,2,2
234,198,False,True,2,2,2,2,2,2,2,2,2,2,2,2,2,2,2,2,2,2
234,233,True,False,2,2,2,2,2,2,2,2,2,2,2,2,2,2,2,2,2,2
234,96,True,False,2,2,2,2,2,2,2,2,2,2,2,2,2,2,2,2,2,2
246,51,True,False,2,2,2,2,2,2,2,2,2,2,2,2,2,2,2,2,2,2
233,234,False,False,2,2,2,2,2,2,2,2,2,2,2,2,2,2,2,2,2,2
206,142,True,2,2,2,2,2,2,2,2,2,2,2,2,2,2,2,2,2,2,2
96,234,False,False,2,2,2,2,2,2,2,2,2,2,2,2,2,2,2,2,2,2
142,206,False,2,2,2,2,2,2,2,2,2,2,2,2,2,2,2,2,2,2,2
142,234,True,2,2,2,2,2,2,2,2,2,2,2,2,2,2,2,2,2,2,2
214,216,True,False,2,2,2,2,2,2,2,2,2,2,2,2,2,2,2,2,2,2
51,246,False,2,2,2,2,2,2,2,2,2,2,2,2,2,2,2,2,2,2,2
110,245,True,2,2,2,2,2,2,2,2,2,2,2,2,2,2,2,2,2,2,2
216,214,False,2,2,2,2,2,2,2,2,2,2,2,2,2,2,2,2,2,2,2
214,217,False,2,2,2,2,2,2,2,2,2,2,2,2,2,2,2,2,2,2,2
