sender,receiver,msg1,msg2,msg3,msg4,msg5,msg6,msg7,msg8,msg9,msg10
18,10,False,False,False,False,False,True,True,2,2,2
10,18,True,False,False,False,True,True,2,2,2,2
1,19,True,False,False,True,False,True,False,True,True,False
19,1,False,False,False,True,True,False,True,False,True,False
24,13,True,True,False,2,2,2,2,2,2,2
13,24,False,2,2,2,2,2,2,2,2,2
25,40,False,False,False,False,True,True,False,True,False,False
40,25,False,False,False,True,True,False,True,True,False,False
43,6,False,True,True,True,False,True,False,True,True,True
6,43,True,False,True,True,True,False,False,False,False,True
27,2,False,False,True,False,False,False,True,False,False,True
51,53,False,False,False,False,True,True,False,False,False,True
53,51,True,True,True,True,True,False,False,True,False,True
2,27,False,True,True,True,False,False,True,False,False,False
69,51,False,True,2,2,2,2,2,2,2,2
69,53,False,True,True,False,False,2,2,2,2,2
51,69,False,True,2,2,2,2,2,2,2,2
53,69,True,False,False,True,False,False,False,True,2,2
30,70,False,False,False,True,True,False,True,True,False,False
63,67,False,False,False,False,False,False,True,False,False,True
52,76,True,False,True,False,True,False,False,False,False,False
70,30,False,False,False,True,False,False,True,True,False,False
76,52,True,False,False,True,False,False,False,False,False,True
79,34,True,True,True,True,False,True,True,False,False,True
34,79,False,False,True,False,True,False,True,True,False,False
67,63,False,True,False,False,False,False,True,True,False,True
55,56,True,True,False,True,True,False,False,False,True,True
56,55,False,True,False,False,True,True,False,True,False,True
82,41,True,False,True,False,False,True,False,False,False,False
41,82,False,False,True,False,True,False,False,False,False,True
85,75,False,False,True,False,False,False,False,True,False,False
75,85,True,True,False,True,True,True,False,False,False,False
64,94,False,False,False,False,True,False,False,True,True,False
94,64,False,False,True,False,False,False,True,True,False,False
53,96,False,False,True,True,True,False,True,False,False,True
96,53,True,True,False,False,True,True,False,True,True,False
96,69,False,False,False,False,False,True,2,2,2,2
69,96,False,False,True,False,True,False,False,True,2,2
102,46,True,True,False,False,False,False,False,True,False,True
105,9,False,True,False,False,True,False,False,False,False,2
46,102,False,True,False,False,True,True,False,False,False,False
9,105,False,False,False,True,True,True,2,2,2,2
110,70,True,False,False,True,False,False,False,True,True,False
73,112,True,True,True,True,False,False,True,True,False,False
70,110,False,True,False,False,False,True,False,True,True,False
104,98,False,True,True,True,False,False,False,False,True,False
39,8,False,False,True,False,True,False,False,False,True,False
112,73,True,True,False,True,False,False,False,False,False,True
98,104,False,True,False,False,False,True,False,True,False,True
8,39,False,True,True,True,False,True,True,True,True,True
84,7,True,False,True,True,False,False,False,False,False,False
7,84,False,False,True,True,False,True,True,True,False,True
66,20,False,True,False,True,True,False,False,False,True,True
20,66,False,False,False,True,True,False,True,False,True,False
97,99,True,True,True,False,False,False,True,False,True,True
118,92,True,2,2,2,2,2,2,2,2,2
92,118,True,2,2,2,2,2,2,2,2,2
99,97,True,False,False,False,False,False,True,False,True,False
125,91,False,True,False,False,False,False,True,False,False,False
91,125,False,False,False,False,False,False,True,False,False,True
79,71,True,False,False,False,False,False,False,True,True,False
71,79,False,False,True,True,True,False,False,True,False,False
85,2,False,False,True,False,True,True,False,False,False,True
2,85,True,True,False,False,False,False,False,True,False,False
33,127,True,True,True,True,False,True,False,False,False,False
127,33,False,True,False,False,True,True,False,False,True,False
54,35,True,False,True,False,False,True,False,True,True,False
62,22,False,True,False,True,False,False,True,True,False,False
35,54,False,False,False,True,False,False,True,True,True,True
130,18,True,False,False,False,True,True,False,True,False,False
18,130,False,False,False,True,True,False,False,True,True,True
22,62,False,False,True,False,False,False,False,True,True,True
15,93,True,True,False,False,True,True,True,True,True,True
136,118,False,False,True,True,False,True,False,True,True,True
118,136,False,True,False,False,False,True,False,False,True,False
57,138,False,False,True,False,True,False,True,False,True,False
138,57,True,True,False,True,True,False,False,False,False,True
74,122,True,True,True,False,False,False,True,False,False,True
30,110,False,False,False,False,False,True,False,False,False,False
122,74,True,False,True,False,False,True,False,True,False,False
59,107,True,False,True,False,False,True,False,False,False,True
110,30,True,True,True,True,True,False,True,False,False,False
28,111,True,False,False,False,False,True,False,False,False,False
111,28,True,False,False,True,False,True,True,True,False,False
69,142,False,False,True,False,False,False,True,True,False,False
107,59,True,True,False,False,True,True,False,False,True,False
142,69,False,False,False,True,False,False,True,False,False,False
72,113,True,False,True,True,True,True,True,True,False,False
113,72,False,True,False,False,False,True,True,False,False,False
131,145,False,False,False,True,True,True,True,False,True,False
44,128,False,False,False,False,True,True,True,False,True,False
128,44,False,False,False,False,False,True,True,False,False,True
15,146,True,2,2,2,2,2,2,2,2,2
145,131,False,False,False,True,True,True,False,True,False,True
93,146,False,False,True,False,True,False,False,True,True,False
146,93,True,False,False,False,False,False,False,True,False,2
61,148,True,False,False,True,False,True,True,False,False,True
148,61,True,True,True,False,True,False,False,False,True,False
93,15,True,False,True,True,True,False,True,False,False,False
55,103,False,True,True,True,False,False,False,False,False,True
103,55,True,False,False,False,False,True,False,True,True,True
141,109,True,False,False,True,False,False,False,True,True,False
109,141,False,False,False,True,True,True,False,False,True,True
43,124,False,False,True,False,True,True,False,True,False,True
124,43,True,False,False,True,True,False,True,False,True,False
52,152,False,True,False,True,False,False,False,False,True,True
152,52,False,True,False,False,True,False,True,False,True,True
153,146,True,True,False,False,False,False,False,False,False,True
153,93,True,True,True,True,True,False,False,True,False,2
140,147,True,False,True,True,True,False,False,False,False,False
93,153,False,False,True,True,True,True,False,True,False,True
147,140,True,False,False,False,True,False,False,False,False,False
146,153,True,True,False,True,False,False,False,True,False,False
156,140,True,2,2,2,2,2,2,2,2,2
157,47,False,True,True,2,2,2,2,2,2,2
47,157,False,True,True,2,2,2,2,2,2,2
144,40,True,False,True,True,False,False,True,True,False,True
40,144,True,False,False,True,True,False,False,True,False,False
158,48,False,True,False,True,False,True,False,False,False,True
146,50,False,False,False,True,False,True,True,False,True,False
160,130,False,True,False,False,True,True,False,False,False,True
50,146,True,True,False,False,True,True,True,True,True,False
130,160,True,False,False,False,True,False,False,False,False,False
161,97,True,False,True,True,False,False,False,False,False,False
48,158,False,False,True,False,True,True,True,False,True,False
97,161,True,False,False,False,False,True,False,False,True,False
120,163,True,False,False,True,2,2,2,2,2,2
163,120,False,True,False,False,False,True,False,False,False,2
167,88,False,False,True,False,False,True,False,True,False,True
18,160,True,False,True,False,False,False,False,False,False,True
50,153,True,False,False,False,False,True,True,False,False,False
153,50,True,False,False,False,False,True,True,False,False,False
168,108,True,True,False,False,False,True,False,True,True,False
108,168,False,False,False,True,False,False,True,False,True,False
160,18,False,False,False,False,True,True,False,True,True,False
88,167,True,False,True,False,True,False,True,False,False,2
121,21,True,False,True,False,False,True,False,True,False,True
172,36,False,True,False,False,True,False,False,False,False,False
21,121,True,False,False,True,False,False,False,True,True,False
172,42,True,False,True,False,True,False,False,False,True,False
119,106,False,False,True,False,False,True,False,2,2,2
36,172,False,True,True,False,False,False,True,False,2,2
42,172,True,True,True,True,False,False,False,True,False,2
156,66,False,False,True,False,False,False,True,False,False,False
66,156,True,False,True,False,False,False,True,False,True,True
51,177,True,False,False,False,False,False,False,True,False,False
177,51,True,True,True,False,False,False,2,2,2,2
106,119,False,False,False,False,True,2,2,2,2,2
150,179,True,True,True,False,True,True,True,False,2,2
179,150,True,False,False,False,False,False,False,2,2,2
155,180,False,False,False,2,2,2,2,2,2,2
144,25,False,False,False,False,True,True,False,False,False,2
180,155,False,False,2,2,2,2,2,2,2,2
42,36,True,False,False,True,True,False,False,False,False,True
33,64,True,False,True,True,False,False,False,2,2,2
157,81,True,True,True,True,False,True,True,False,2,2
25,144,False,True,True,False,False,False,False,False,2,2
168,10,True,True,True,False,False,False,True,2,2,2
3,166,True,True,False,False,False,False,2,2,2,2
70,184,False,False,True,False,True,False,False,False,True,2
36,42,True,True,False,False,False,2,2,2,2,2
10,168,True,True,False,False,False,2,2,2,2,2
110,184,True,False,True,False,True,False,2,2,2,2
184,110,True,True,True,True,False,True,False,2,2,2
184,30,False,False,True,False,False,True,True,2,2,2
184,70,True,True,False,True,True,False,False,2,2,2
64,33,False,True,False,True,False,False,2,2,2,2
185,20,True,False,False,True,False,False,False,True,True,2
166,3,False,True,False,False,True,False,2,2,2,2
131,186,True,False,False,False,True,True,2,2,2,2
20,185,False,False,False,True,True,False,2,2,2,2
145,186,False,True,True,True,True,False,False,2,2,2
81,157,True,True,False,True,2,2,2,2,2,2
30,184,True,False,False,False,True,2,2,2,2,2
186,131,True,True,False,False,2,2,2,2,2,2
186,145,True,False,False,True,2,2,2,2,2,2
54,162,False,True,True,False,False,2,2,2,2,2
189,180,True,False,True,True,False,2,2,2,2,2
35,162,True,False,2,2,2,2,2,2,2,2
55,190,True,2,2,2,2,2,2,2,2,2
180,189,False,True,False,True,2,2,2,2,2,2
103,190,True,True,True,2,2,2,2,2,2,2
162,35,False,False,True,False,2,2,2,2,2,2
162,54,False,False,True,False,2,2,2,2,2,2
181,167,False,False,True,2,2,2,2,2,2,2
140,15,True,True,False,True,2,2,2,2,2,2
122,176,True,False,True,2,2,2,2,2,2,2
40,108,False,False,2,2,2,2,2,2,2,2
108,40,False,True,False,False,2,2,2,2,2,2
190,103,False,False,2,2,2,2,2,2,2,2
174,195,False,True,2,2,2,2,2,2,2,2
176,122,True,2,2,2,2,2,2,2,2,2
167,181,False,False,2,2,2,2,2,2,2,2
195,174,True,2,2,2,2,2,2,2,2,2
15,140,True,False,2,2,2,2,2,2,2,2
138,194,True,False,2,2,2,2,2,2,2,2
194,138,True,True,False,2,2,2,2,2,2,2
43,197,True,False,2,2,2,2,2,2,2,2
124,197,True,2,2,2,2,2,2,2,2,2
