sender,receiver,msg1,msg2,msg3,msg4,msg5,msg6,msg7,msg8,msg9,msg10,msg11,msg12,msg13,msg14,msg15,msg16,msg17,msg18,msg19,msg20
19,1,True,True,False,True,True,False,False,False,True,True,True,False,True,False,True,False,False,False,True,True
1,19,True,True,True,False,True,False,True,False,False,True,False,False,True,False,False,True,False,True,False,False
10,18,True,False,False,True,True,True,False,2,2,2,2,2,2,2,2,2,2,2,2,2
18,10,False,True,True,2,2,2,2,2,2,2,2,2,2,2,2,2,2,2,2,2
13,24,True,False,2,2,2,2,2,2,2,2,2,2,2,2,2,2,2,2,2,2
24,13,False,False,False,2,2,2,2,2,2,2,2,2,2,2,2,2,2,2,2,2
40,25,False,True,False,True,True,True,False,True,False,False,False,False,True,False,False,True,True,2,2,2
25,40,True,False,True,False,True,False,True,True,False,False,False,False,True,True,True,False,False,2,2,2
6,43,True,False,True,True,True,False,False,False,False,True,False,True,False,False,False,True,False,False,False,True
43,6,True,True,False,False,False,True,False,False,False,True,True,True,True,True,False,False,False,False,False,False
27,2,True,True,True,False,False,False,True,False,False,False,True,False,False,False,False,False,True,False,True,False
2,27,True,False,True,True,True,False,False,True,True,False,True,True,True,True,False,False,False,2,2,2
53,51,True,False,False,True,False,True,True,True,False,False,True,False,True,True,False,True,False,False,False,False
51,53,False,True,True,False,False,True,False,False,True,False,False,False,False,True,True,False,False,False,True,False
53,69,False,False,True,True,2,2,2,2,2,2,2,2,2,2,2,2,2,2,2,2
51,69,True,False,False,2,2,2,2,2,2,2,2,2,2,2,2,2,2,2,2,2
30,70,False,False,False,False,False,False,True,False,True,False,False,True,False,True,True,False,True,True,False,True
69,51,True,False,2,2,2,2,2,2,2,2,2,2,2,2,2,2,2,2,2,2
69,53,False,False,False,2,2,2,2,2,2,2,2,2,2,2,2,2,2,2,2,2
63,67,True,True,False,False,False,False,True,False,False,False,True,True,True,False,False,False,False,False,False,False
70,30,True,False,False,True,False,True,False,True,True,True,True,False,False,True,True,True,False,False,False,False
67,63,True,False,False,False,False,False,False,False,False,True,False,False,True,True,False,True,False,False,True,2
52,76,False,True,True,False,False,True,False,True,False,True,True,False,False,False,True,True,False,True,False,False
76,52,True,True,False,True,True,True,False,False,False,False,True,True,False,True,False,False,True,True,False,False
55,56,False,False,True,False,False,False,False,True,True,False,False,False,False,False,False,False,2,2,2,2
56,55,False,False,False,False,True,False,False,True,True,False,True,True,True,True,False,False,True,True,True,False
34,79,True,True,True,True,True,False,True,False,False,True,False,True,True,False,2,2,2,2,2,2
79,34,True,False,True,False,True,False,True,True,False,True,True,True,False,True,2,2,2,2,2,2
82,41,False,True,False,True,True,True,True,False,False,False,False,2,2,2,2,2,2,2,2,2
75,85,False,False,False,True,False,True,True,True,False,True,False,False,False,False,True,False,True,True,False,2
85,75,True,True,True,True,True,False,True,False,True,True,False,False,False,True,True,False,2,2,2,2
41,82,True,True,False,False,False,False,True,2,2,2,2,2,2,2,2,2,2,2,2,2
8,39,False,False,True,True,False,False,False,False,True,True,False,True,False,False,False,True,True,2,2,2
39,8,False,True,True,False,True,True,True,False,False,False,True,False,False,False,False,True,False,False,False,False
94,64,False,False,True,False,False,False,False,False,False,True,False,2,2,2,2,2,2,2,2,2
64,94,True,False,True,True,False,True,True,2,2,2,2,2,2,2,2,2,2,2,2,2
96,69,True,False,True,True,2,2,2,2,2,2,2,2,2,2,2,2,2,2,2,2
66,20,True,False,False,True,False,False,False,False,False,False,False,False,False,True,True,True,False,False,True,2
69,96,True,True,False,False,2,2,2,2,2,2,2,2,2,2,2,2,2,2,2,2
7,84,True,True,False,False,True,False,False,False,False,False,False,False,True,False,True,False,True,False,True,True
84,7,True,True,False,False,True,False,False,True,False,False,False,False,True,True,False,False,True,False,2,2
20,66,True,True,True,False,True,True,False,False,True,False,False,True,False,False,False,2,2,2,2,2
102,46,False,False,False,False,True,True,True,False,False,True,False,False,False,True,False,True,True,False,False,False
85,2,False,True,False,False,False,True,True,True,False,True,False,False,False,False,True,True,False,False,True,False
22,62,True,False,False,False,True,False,False,False,False,False,False,False,False,False,True,False,True,False,False,True
62,22,True,False,False,False,False,False,False,True,False,False,True,False,True,False,True,True,False,False,2,2
46,102,False,False,True,True,True,True,False,False,False,False,True,True,True,True,True,True,False,False,True,False
104,98,False,False,True,True,True,False,True,False,True,False,False,True,True,False,False,False,False,False,False,True
54,35,True,False,False,False,False,False,False,False,False,True,True,False,True,True,True,False,False,True,False,True
2,85,True,True,True,False,False,True,False,False,False,True,True,False,True,True,False,True,True,True,False,False
97,99,False,False,False,False,False,False,False,True,False,True,False,False,False,True,False,False,2,2,2,2
71,79,False,False,True,True,False,True,True,False,False,True,True,False,False,False,False,False,True,False,True,True
99,97,False,False,False,False,False,False,True,False,True,True,False,False,False,True,True,False,True,True,True,2
70,110,False,False,True,True,False,True,False,False,False,False,True,False,False,False,False,True,True,True,False,False
112,73,False,True,True,True,False,False,True,False,False,False,False,False,True,False,False,False,False,True,False,False
73,112,True,False,False,False,True,False,True,True,False,False,False,False,True,False,False,True,True,False,False,False
79,71,False,False,False,True,True,False,False,False,True,False,True,False,False,False,True,False,False,True,False,False
35,54,False,False,False,False,True,True,True,False,False,False,False,False,True,False,False,False,False,True,False,False
110,70,False,True,True,False,False,False,False,True,False,False,True,False,False,True,False,False,False,False,False,True
98,104,False,False,True,False,False,True,False,False,True,False,False,False,False,True,True,False,True,False,False,False
105,9,True,False,True,True,False,True,True,False,False,True,True,False,False,True,False,True,True,False,False,True
9,105,True,True,True,False,True,False,False,False,False,True,False,True,False,False,True,False,False,False,True,False
33,127,True,False,False,False,False,True,True,False,2,2,2,2,2,2,2,2,2,2,2,2
125,91,False,True,False,True,False,False,True,True,True,False,False,False,False,True,False,False,False,True,False,False
127,33,True,True,False,True,False,False,False,False,2,2,2,2,2,2,2,2,2,2,2,2
91,125,False,True,False,False,True,False,True,False,False,True,False,True,False,True,True,True,False,False,True,True
124,43,False,False,True,False,False,True,True,False,False,False,2,2,2,2,2,2,2,2,2,2
107,59,False,True,False,False,False,False,True,False,True,True,False,2,2,2,2,2,2,2,2,2
44,128,True,True,False,False,False,True,False,True,True,False,True,True,False,True,True,False,False,False,False,True
43,124,False,False,False,True,False,True,False,2,2,2,2,2,2,2,2,2,2,2,2,2
59,107,True,False,False,True,True,True,True,True,False,False,True,2,2,2,2,2,2,2,2,2
74,122,True,False,True,True,False,True,True,True,False,False,True,False,True,False,True,False,2,2,2,2
128,44,True,True,False,False,True,False,False,False,False,False,False,True,True,True,False,False,False,True,True,False
18,130,True,True,False,True,False,False,2,2,2,2,2,2,2,2,2,2,2,2,2,2
113,72,True,False,True,False,False,True,False,False,False,False,False,True,False,False,False,False,False,False,True,False
72,113,False,True,True,False,False,False,False,True,False,False,False,False,True,True,True,True,False,False,False,True
130,18,False,False,True,False,True,True,True,False,2,2,2,2,2,2,2,2,2,2,2,2
122,74,True,False,False,False,True,True,True,False,True,False,False,True,False,True,False,False,True,False,False,False
103,55,False,True,False,True,False,False,False,2,2,2,2,2,2,2,2,2,2,2,2,2
55,103,False,True,True,True,False,True,True,True,False,False,True,2,2,2,2,2,2,2,2,2
118,136,False,True,False,False,False,True,False,False,True,False,False,False,False,True,False,True,True,False,False,False
57,138,True,True,False,True,True,True,True,True,True,True,True,False,False,True,True,False,False,True,False,False
133,6,True,False,False,True,False,True,False,False,True,False,False,True,False,False,True,True,False,True,False,True
136,118,False,False,True,True,True,False,False,False,True,False,False,True,False,True,False,False,True,False,True,True
142,69,False,True,False,2,2,2,2,2,2,2,2,2,2,2,2,2,2,2,2,2
6,133,False,False,False,False,True,False,False,False,True,False,True,False,True,False,True,True,True,False,True,True
138,57,False,True,False,False,False,False,False,True,False,False,True,True,True,True,False,False,True,True,True,False
69,142,False,True,2,2,2,2,2,2,2,2,2,2,2,2,2,2,2,2,2,2
146,93,False,True,False,True,False,False,2,2,2,2,2,2,2,2,2,2,2,2,2,2
145,131,False,False,True,True,True,False,False,True,False,True,False,True,False,True,True,False,False,True,False,2
36,42,False,False,True,True,False,False,True,False,False,False,False,False,False,False,False,True,False,False,True,True
131,145,True,False,False,True,False,False,False,True,False,True,False,False,True,True,False,False,False,False,False,True
33,64,False,True,False,True,False,True,False,True,True,False,False,False,True,False,False,2,2,2,2,2
109,141,False,True,True,False,True,True,False,True,2,2,2,2,2,2,2,2,2,2,2,2
148,61,True,False,False,False,False,True,False,True,False,True,True,True,True,False,False,False,False,False,False,True
93,146,False,False,2,2,2,2,2,2,2,2,2,2,2,2,2,2,2,2,2,2
141,109,False,True,False,True,False,False,True,True,2,2,2,2,2,2,2,2,2,2,2,2
64,33,True,False,True,False,False,False,True,False,True,False,False,True,False,True,True,False,True,False,True,False
50,146,False,True,True,False,True,False,True,False,False,False,True,True,True,True,True,False,True,True,True,False
144,40,False,False,False,False,True,False,False,True,True,False,True,True,2,2,2,2,2,2,2,2
42,36,True,False,False,False,False,False,False,False,False,False,False,False,False,False,True,True,False,False,True,False
40,144,False,False,True,False,False,True,True,False,False,False,False,True,False,2,2,2,2,2,2,2
61,148,True,True,False,False,False,False,False,False,True,False,False,False,False,False,False,True,True,False,True,False
146,50,True,False,False,False,False,False,False,False,False,True,False,False,False,False,True,False,True,False,False,True
140,147,False,False,False,True,False,True,True,True,False,False,True,2,2,2,2,2,2,2,2,2
147,140,True,True,False,False,True,False,False,True,2,2,2,2,2,2,2,2,2,2,2,2
146,153,True,False,True,True,False,False,True,False,False,False,False,True,True,True,True,False,False,True,True,True
93,153,False,False,True,False,2,2,2,2,2,2,2,2,2,2,2,2,2,2,2,2
50,153,False,False,False,True,False,False,True,False,False,False,False,False,False,False,False,True,False,False,True,2
153,146,False,False,False,False,False,True,False,False,True,False,False,True,False,False,True,False,True,False,True,False
153,50,False,False,False,True,False,False,False,False,False,False,True,False,True,True,True,False,False,True,False,2
153,93,True,False,True,True,False,2,2,2,2,2,2,2,2,2,2,2,2,2,2,2
28,111,True,False,True,False,False,True,False,False,True,True,True,True,True,False,True,False,False,False,False,False
158,48,False,True,False,True,True,False,True,True,True,True,False,False,False,True,False,True,True,False,False,False
157,47,True,True,False,False,False,True,2,2,2,2,2,2,2,2,2,2,2,2,2,2
106,119,False,True,True,False,True,False,False,False,2,2,2,2,2,2,2,2,2,2,2,2
47,157,True,False,True,True,True,2,2,2,2,2,2,2,2,2,2,2,2,2,2,2
48,158,True,False,False,True,False,True,False,False,False,True,False,True,True,False,True,True,False,False,True,False
111,28,True,False,False,True,True,False,True,False,False,False,True,False,True,True,True,False,True,False,False,2
119,106,False,False,True,False,False,False,2,2,2,2,2,2,2,2,2,2,2,2,2,2
97,161,False,False,True,True,True,True,True,True,True,True,False,True,False,False,True,True,2,2,2,2
156,66,True,False,False,True,False,False,False,False,False,False,False,True,True,True,True,True,False,True,2,2
144,25,False,True,True,False,False,False,False,True,False,True,False,False,True,False,False,2,2,2,2,2
120,163,False,True,True,True,False,False,2,2,2,2,2,2,2,2,2,2,2,2,2,2
25,144,False,False,True,False,True,True,False,False,False,True,True,True,False,False,True,False,True,2,2,2
163,120,False,False,False,True,2,2,2,2,2,2,2,2,2,2,2,2,2,2,2,2
66,156,False,False,True,False,False,True,False,False,False,True,True,False,False,2,2,2,2,2,2,2
152,52,False,False,True,False,False,False,True,True,False,True,True,True,True,False,False,True,True,True,False,2
161,97,False,False,False,False,False,True,True,True,True,True,True,False,True,False,False,False,False,2,2,2
23,20,False,True,True,False,True,True,True,True,False,False,False,False,False,False,True,True,False,False,False,2
52,152,False,False,False,False,True,False,True,True,True,True,True,True,True,False,True,False,True,False,2,2
20,23,True,True,False,False,False,False,False,True,True,False,False,False,True,True,False,False,False,True,2,2
17,34,False,True,False,True,False,True,False,False,True,False,True,True,False,True,False,False,False,True,2,2
34,17,False,True,False,False,False,False,True,False,False,True,False,False,2,2,2,2,2,2,2,2
167,88,True,False,False,False,False,True,True,False,2,2,2,2,2,2,2,2,2,2,2,2
166,3,False,False,False,True,False,True,False,True,False,True,True,True,False,2,2,2,2,2,2,2
140,15,True,True,False,True,True,True,False,False,True,False,False,True,False,2,2,2,2,2,2,2
108,168,True,2,2,2,2,2,2,2,2,2,2,2,2,2,2,2,2,2,2,2
168,108,False,2,2,2,2,2,2,2,2,2,2,2,2,2,2,2,2,2,2,2
15,140,True,False,False,False,True,True,False,False,False,False,False,False,True,False,False,2,2,2,2,2
3,166,True,False,True,False,False,False,False,False,False,True,True,2,2,2,2,2,2,2,2,2
130,160,True,False,False,False,True,False,False,False,False,True,True,False,False,False,False,2,2,2,2,2
40,108,False,False,False,False,False,True,False,False,False,False,False,True,True,False,2,2,2,2,2,2
136,71,False,False,False,2,2,2,2,2,2,2,2,2,2,2,2,2,2,2,2,2
160,130,False,True,True,True,True,True,False,False,False,False,False,False,True,2,2,2,2,2,2,2
108,40,True,False,True,True,False,True,True,False,False,False,False,2,2,2,2,2,2,2,2,2
88,167,True,False,False,True,False,True,False,True,True,2,2,2,2,2,2,2,2,2,2,2
71,136,False,False,True,True,2,2,2,2,2,2,2,2,2,2,2,2,2,2,2,2
10,168,False,2,2,2,2,2,2,2,2,2,2,2,2,2,2,2,2,2,2,2
36,172,False,True,False,False,False,True,False,2,2,2,2,2,2,2,2,2,2,2,2,2
42,172,False,False,False,False,True,False,False,False,False,2,2,2,2,2,2,2,2,2,2,2
172,36,False,False,True,True,True,True,2,2,2,2,2,2,2,2,2,2,2,2,2,2
172,42,True,False,False,True,True,False,True,True,True,2,2,2,2,2,2,2,2,2,2,2
176,122,True,True,True,False,True,False,False,True,False,False,2,2,2,2,2,2,2,2,2,2
58,61,True,False,False,False,False,True,True,True,False,True,True,False,2,2,2,2,2,2,2,2
122,176,True,True,False,False,False,False,False,True,True,False,False,True,2,2,2,2,2,2,2,2
61,58,True,True,True,False,False,True,False,False,False,False,False,2,2,2,2,2,2,2,2,2
53,177,True,True,True,True,False,False,False,True,False,True,2,2,2,2,2,2,2,2,2,2
51,177,True,True,False,False,False,True,True,True,True,2,2,2,2,2,2,2,2,2,2,2
121,21,False,False,False,False,True,False,True,True,True,False,True,True,2,2,2,2,2,2,2,2
177,51,False,True,False,True,True,True,True,False,2,2,2,2,2,2,2,2,2,2,2,2
177,53,False,False,False,False,True,True,True,False,True,False,2,2,2,2,2,2,2,2,2,2
21,121,False,True,False,True,False,False,True,True,True,2,2,2,2,2,2,2,2,2,2,2
44,95,False,False,True,False,False,False,False,False,2,2,2,2,2,2,2,2,2,2,2,2
95,44,False,True,True,False,True,False,False,True,2,2,2,2,2,2,2,2,2,2,2,2
180,155,True,2,2,2,2,2,2,2,2,2,2,2,2,2,2,2,2,2,2,2
108,25,True,False,True,False,True,False,2,2,2,2,2,2,2,2,2,2,2,2,2,2
35,33,True,True,True,True,False,2,2,2,2,2,2,2,2,2,2,2,2,2,2,2
168,40,True,True,False,False,False,True,False,2,2,2,2,2,2,2,2,2,2,2,2,2
25,108,False,True,False,False,False,True,True,False,2,2,2,2,2,2,2,2,2,2,2,2
40,168,False,False,True,True,False,False,True,True,2,2,2,2,2,2,2,2,2,2,2,2
62,178,True,False,True,False,True,False,False,False,2,2,2,2,2,2,2,2,2,2,2,2
147,66,False,False,True,True,True,False,2,2,2,2,2,2,2,2,2,2,2,2,2,2
163,39,False,True,False,False,False,True,2,2,2,2,2,2,2,2,2,2,2,2,2,2
39,163,True,True,True,False,True,False,2,2,2,2,2,2,2,2,2,2,2,2,2,2
178,62,True,False,True,False,False,False,False,2,2,2,2,2,2,2,2,2,2,2,2,2
172,58,True,False,False,True,False,2,2,2,2,2,2,2,2,2,2,2,2,2,2,2
167,181,False,False,True,False,2,2,2,2,2,2,2,2,2,2,2,2,2,2,2,2
58,172,True,False,True,False,True,False,2,2,2,2,2,2,2,2,2,2,2,2,2,2
181,167,False,True,False,False,False,False,2,2,2,2,2,2,2,2,2,2,2,2,2,2
152,76,True,False,True,False,False,False,2,2,2,2,2,2,2,2,2,2,2,2,2,2
66,147,False,True,2,2,2,2,2,2,2,2,2,2,2,2,2,2,2,2,2,2
76,152,False,True,False,True,2,2,2,2,2,2,2,2,2,2,2,2,2,2,2,2
128,95,False,False,False,False,2,2,2,2,2,2,2,2,2,2,2,2,2,2,2,2
33,35,True,False,True,2,2,2,2,2,2,2,2,2,2,2,2,2,2,2,2,2
95,128,True,False,2,2,2,2,2,2,2,2,2,2,2,2,2,2,2,2,2,2
137,163,True,True,False,True,2,2,2,2,2,2,2,2,2,2,2,2,2,2,2,2
163,137,False,False,2,2,2,2,2,2,2,2,2,2,2,2,2,2,2,2,2,2
161,60,False,False,True,2,2,2,2,2,2,2,2,2,2,2,2,2,2,2,2,2
60,161,False,True,2,2,2,2,2,2,2,2,2,2,2,2,2,2,2,2,2,2
192,59,False,True,2,2,2,2,2,2,2,2,2,2,2,2,2,2,2,2,2,2
59,192,True,False,False,2,2,2,2,2,2,2,2,2,2,2,2,2,2,2,2,2
142,96,True,2,2,2,2,2,2,2,2,2,2,2,2,2,2,2,2,2,2,2
186,145,False,2,2,2,2,2,2,2,2,2,2,2,2,2,2,2,2,2,2,2
123,182,True,False,2,2,2,2,2,2,2,2,2,2,2,2,2,2,2,2,2,2
176,74,True,2,2,2,2,2,2,2,2,2,2,2,2,2,2,2,2,2,2,2
81,157,False,2,2,2,2,2,2,2,2,2,2,2,2,2,2,2,2,2,2,2
182,123,False,2,2,2,2,2,2,2,2,2,2,2,2,2,2,2,2,2,2,2
157,81,False,2,2,2,2,2,2,2,2,2,2,2,2,2,2,2,2,2,2,2
162,33,False,2,2,2,2,2,2,2,2,2,2,2,2,2,2,2,2,2,2,2
177,96,False,2,2,2,2,2,2,2,2,2,2,2,2,2,2,2,2,2,2,2
