sender,receiver,msg1,msg2,msg3,msg4,msg5,msg6,msg7,msg8,msg9,msg10,msg11,msg12,msg13,msg14,msg15,msg16,msg17,msg18,msg19,msg20
18,10,False,False,False,True,False,False,2,2,2,2,2,2,2,2,2,2,2,2,2,2
19,1,False,False,True,False,True,False,True,True,False,False,True,True,True,False,False,True,True,False,True,False
1,19,True,False,True,False,False,True,False,True,True,True,True,False,False,True,False,True,False,False,True,False
10,18,False,False,False,True,False,2,2,2,2,2,2,2,2,2,2,2,2,2,2,2
24,13,False,True,2,2,2,2,2,2,2,2,2,2,2,2,2,2,2,2,2,2
25,40,False,True,True,False,False,True,True,True,False,True,False,False,2,2,2,2,2,2,2,2
40,25,False,False,False,False,True,False,False,False,True,False,True,True,True,False,2,2,2,2,2,2
6,43,False,False,False,True,False,False,True,False,False,True,True,False,True,False,False,False,False,True,True,True
2,27,True,False,False,True,False,False,False,False,True,False,True,False,False,True,False,2,2,2,2,2
27,2,True,False,False,False,False,False,True,True,True,True,False,False,False,False,False,True,True,False,False,False
43,6,False,True,True,False,True,True,False,False,False,True,False,True,False,False,True,False,True,False,2,2
51,53,True,False,True,False,True,True,False,True,True,True,True,True,False,True,False,False,True,True,False,False
53,51,True,False,False,True,False,False,False,False,False,True,False,False,True,True,True,True,False,False,False,False
51,69,False,False,False,2,2,2,2,2,2,2,2,2,2,2,2,2,2,2,2,2
53,69,False,False,False,False,False,True,2,2,2,2,2,2,2,2,2,2,2,2,2,2
69,51,True,True,2,2,2,2,2,2,2,2,2,2,2,2,2,2,2,2,2,2
69,53,False,True,True,False,2,2,2,2,2,2,2,2,2,2,2,2,2,2,2,2
30,70,True,True,False,False,False,False,False,False,False,False,False,False,True,False,True,False,False,False,True,True
70,30,True,True,True,True,False,False,False,False,True,False,True,True,False,True,False,True,True,False,False,False
67,63,True,True,False,False,False,True,True,True,True,False,False,False,True,False,True,False,True,False,True,False
63,67,False,False,True,False,False,True,False,True,True,False,True,True,True,False,True,False,False,False,True,False
52,76,True,True,False,False,False,False,False,False,False,True,True,False,True,False,False,False,True,True,False,False
76,52,True,True,True,True,True,False,False,True,False,False,False,False,False,True,False,True,False,True,False,True
55,56,False,False,False,False,True,True,False,True,True,True,False,False,False,True,False,False,False,False,True,2
56,55,True,True,True,True,True,False,True,False,False,True,False,True,False,False,False,False,False,False,False,True
79,34,False,True,False,False,True,True,True,True,False,True,False,False,True,2,2,2,2,2,2,2
34,79,True,False,False,False,False,False,True,True,True,False,2,2,2,2,2,2,2,2,2,2
41,82,False,True,True,False,False,False,2,2,2,2,2,2,2,2,2,2,2,2,2,2
75,85,False,False,True,True,True,False,True,True,False,False,False,True,True,True,2,2,2,2,2,2
85,75,False,False,False,False,False,False,True,False,False,False,False,False,False,True,False,False,2,2,2,2
82,41,False,False,True,True,False,2,2,2,2,2,2,2,2,2,2,2,2,2,2,2
8,39,False,True,False,False,False,True,True,False,False,False,False,True,False,True,False,False,True,True,True,True
69,96,True,False,True,False,2,2,2,2,2,2,2,2,2,2,2,2,2,2,2,2
96,69,True,True,True,False,2,2,2,2,2,2,2,2,2,2,2,2,2,2,2,2
64,94,True,False,False,True,True,False,True,False,False,2,2,2,2,2,2,2,2,2,2,2
39,8,False,True,False,False,False,True,True,False,False,True,False,False,True,False,True,False,False,False,False,2
94,64,True,True,False,True,True,True,True,True,True,False,False,2,2,2,2,2,2,2,2,2
66,20,True,False,True,False,False,True,False,False,True,True,False,False,True,False,True,False,True,True,False,True
20,66,False,False,False,False,False,True,False,True,True,True,False,True,False,True,True,False,False,False,False,2
84,7,False,False,False,True,False,False,False,True,True,False,True,False,False,False,True,False,False,False,False,True
7,84,False,False,False,False,True,True,False,False,True,False,False,True,False,False,True,False,False,True,True,2
46,102,True,True,True,False,True,False,False,False,True,True,False,False,False,False,False,True,False,False,False,False
102,46,False,False,True,False,False,False,False,False,False,False,True,False,True,False,True,False,False,False,True,False
54,35,True,True,True,False,False,True,True,False,True,False,True,False,False,False,True,False,False,False,False,False
35,54,True,False,False,False,False,True,False,False,True,False,True,False,True,False,False,True,False,False,False,False
85,2,True,False,False,True,True,False,False,True,False,True,True,False,False,True,False,False,False,False,False,False
2,85,True,True,True,False,False,False,True,True,False,False,True,False,False,False,False,True,True,True,False,False
22,62,False,True,False,False,True,True,False,False,True,False,True,False,True,False,False,False,True,2,2,2
104,98,False,True,True,True,True,True,False,False,False,False,False,True,False,False,True,True,True,True,True,True
98,104,True,True,True,True,True,False,False,False,False,False,False,True,False,False,True,False,False,False,True,False
62,22,False,False,True,False,False,False,False,True,False,False,False,True,True,True,False,True,False,False,True,False
79,71,False,False,True,False,False,True,True,False,True,False,True,True,True,True,True,False,False,True,True,True
71,79,True,False,True,False,False,True,True,True,False,True,False,False,False,False,True,False,True,True,False,False
99,97,True,True,True,False,False,False,False,False,False,False,False,False,True,False,True,True,False,True,False,True
112,73,False,False,False,False,False,False,False,True,False,False,True,False,False,False,False,False,True,False,False,True
97,99,False,True,False,False,False,False,False,False,False,True,False,False,True,True,False,False,False,False,False,2
110,70,True,True,True,False,False,True,False,False,False,False,True,True,True,False,True,False,True,True,True,True
70,110,False,True,True,False,True,True,False,True,True,True,True,True,True,True,False,True,True,False,False,False
73,112,True,False,False,True,False,False,True,True,True,False,False,True,False,False,False,False,True,False,False,False
9,105,True,False,False,False,True,False,True,True,False,False,False,True,True,True,False,False,True,True,False,False
105,9,False,False,True,False,False,True,False,True,True,True,False,False,False,False,True,True,False,True,True,False
125,91,False,False,True,True,True,False,True,True,True,True,False,True,True,True,False,False,False,True,False,False
91,125,False,True,False,False,True,False,False,False,True,True,False,True,True,False,False,False,True,True,False,True
127,33,False,True,False,False,False,True,True,False,False,False,False,False,True,True,False,True,False,False,False,2
33,127,False,False,False,True,False,False,True,False,True,False,False,True,False,False,False,False,False,False,False,True
44,128,True,False,False,True,True,False,True,False,False,False,True,False,False,True,False,True,False,False,True,False
59,107,False,True,True,False,True,False,True,True,False,False,True,True,False,True,True,2,2,2,2,2
128,44,False,False,False,True,True,False,True,False,True,False,False,True,False,True,True,False,False,True,True,False
124,43,True,True,False,False,True,False,True,False,False,False,False,True,True,True,False,2,2,2,2,2
43,124,True,True,False,False,True,False,True,False,False,False,False,False,False,True,2,2,2,2,2,2
18,130,False,False,True,True,True,True,True,False,False,False,True,True,False,True,False,False,False,True,False,2
107,59,False,False,False,False,False,False,False,False,False,False,False,False,True,False,2,2,2,2,2,2
74,122,False,False,False,True,False,True,False,False,True,False,False,True,False,False,False,True,False,True,False,False
130,18,False,True,True,False,False,True,True,False,True,True,False,True,False,False,False,2,2,2,2,2
122,74,False,False,False,True,True,True,True,False,True,False,False,False,False,False,True,False,False,False,False,True
72,113,False,True,False,False,False,False,False,True,True,False,True,True,False,False,False,False,False,True,False,False
113,72,True,False,False,True,True,True,True,False,False,True,False,True,False,False,False,False,False,False,True,True
103,55,False,True,True,True,True,False,True,False,2,2,2,2,2,2,2,2,2,2,2,2
55,103,True,False,False,True,True,True,False,False,True,2,2,2,2,2,2,2,2,2,2,2
136,118,False,False,False,True,False,False,False,False,True,False,False,False,False,False,True,True,True,False,False,False
118,136,False,False,True,False,False,False,False,True,True,True,True,True,False,False,False,True,False,False,False,False
57,138,True,False,False,True,False,False,False,True,True,False,False,True,True,True,False,True,False,False,False,False
138,57,False,True,True,False,True,True,False,False,False,False,True,False,False,False,False,True,True,True,False,False
69,142,True,True,False,True,True,2,2,2,2,2,2,2,2,2,2,2,2,2,2,2
133,6,True,True,True,True,True,True,True,False,False,False,False,False,False,True,True,False,False,False,True,False
6,133,False,True,False,False,True,False,False,False,False,True,True,True,False,True,False,False,False,False,False,True
142,69,False,False,False,True,True,False,2,2,2,2,2,2,2,2,2,2,2,2,2,2
145,131,False,False,True,False,True,False,True,False,True,False,False,False,False,False,False,False,True,True,False,2
40,144,False,False,False,False,True,True,False,False,2,2,2,2,2,2,2,2,2,2,2,2
93,146,True,True,False,False,2,2,2,2,2,2,2,2,2,2,2,2,2,2,2,2
131,145,False,False,True,False,True,True,False,False,False,False,True,False,False,False,False,False,True,False,True,False
36,42,True,False,False,False,False,False,False,True,True,False,True,True,True,True,True,False,True,False,False,False
144,40,True,False,False,True,False,False,False,True,False,False,False,True,True,False,2,2,2,2,2,2
146,93,True,True,False,False,2,2,2,2,2,2,2,2,2,2,2,2,2,2,2,2
42,36,True,False,True,True,False,True,False,False,False,False,False,False,False,True,False,True,True,False,False,False
61,148,False,True,False,False,True,False,False,False,True,True,False,False,False,False,True,False,False,True,True,False
33,64,False,True,False,True,False,False,False,True,True,False,False,False,True,True,True,False,False,False,True,True
148,61,True,False,False,True,False,False,False,False,True,False,False,False,True,False,True,True,True,True,True,True
64,33,True,False,False,True,False,True,False,False,False,True,True,False,True,True,False,False,True,False,False,True
147,140,False,False,False,False,False,False,True,True,False,True,2,2,2,2,2,2,2,2,2,2
146,50,True,False,True,False,True,False,True,True,False,True,True,True,True,False,True,False,False,False,True,False
50,146,False,False,False,False,False,False,True,True,False,False,False,False,False,True,True,True,False,True,False,True
141,109,False,True,True,True,False,False,False,False,False,False,True,2,2,2,2,2,2,2,2,2
146,153,False,True,False,False,False,True,False,True,False,True,False,True,False,True,False,False,False,True,True,False
93,153,True,False,False,2,2,2,2,2,2,2,2,2,2,2,2,2,2,2,2,2
140,147,True,True,False,False,False,True,False,False,2,2,2,2,2,2,2,2,2,2,2,2
109,141,True,False,False,False,False,True,2,2,2,2,2,2,2,2,2,2,2,2,2,2
153,146,True,True,True,False,False,False,True,False,False,False,False,True,True,False,True,True,False,True,False,True
153,93,False,False,True,True,True,2,2,2,2,2,2,2,2,2,2,2,2,2,2,2
153,50,False,False,False,False,True,False,False,False,False,False,False,False,True,False,False,False,False,True,False,False
50,153,False,True,False,True,False,False,False,False,False,False,False,True,True,True,False,False,True,True,True,False
111,28,False,True,False,False,True,True,True,False,True,True,True,False,True,False,False,False,True,True,False,False
157,47,True,False,True,False,False,True,False,False,2,2,2,2,2,2,2,2,2,2,2,2
119,106,False,False,True,False,False,False,False,False,True,2,2,2,2,2,2,2,2,2,2,2
158,48,True,True,False,False,False,True,False,True,True,False,False,False,True,True,False,True,True,False,True,True
28,111,False,False,False,True,True,False,True,False,False,False,False,False,True,False,False,False,False,True,False,True
47,157,True,False,True,False,False,False,False,False,2,2,2,2,2,2,2,2,2,2,2,2
48,158,True,True,False,False,False,False,False,True,False,True,True,True,True,False,True,True,True,False,True,True
106,119,False,False,True,True,False,False,False,True,False,False,True,True,2,2,2,2,2,2,2,2
97,161,True,True,False,True,False,True,False,False,False,True,True,False,True,True,True,True,True,True,True,True
144,25,True,False,False,False,False,False,False,True,False,True,True,True,True,True,False,True,False,False,True,True
66,156,True,False,False,True,False,False,False,True,False,True,False,False,True,2,2,2,2,2,2,2
25,144,True,False,False,False,True,True,True,False,True,False,False,True,True,False,True,True,False,False,True,True
23,20,True,False,False,True,False,True,False,True,False,True,False,False,False,True,False,True,False,False,False,True
156,66,True,False,False,False,False,False,False,True,False,False,False,True,True,2,2,2,2,2,2,2
161,97,False,False,False,True,False,False,False,True,False,False,True,True,False,False,True,True,False,False,False,False
20,23,False,False,True,False,False,True,False,True,False,True,True,False,False,True,False,True,False,False,True,False
120,163,False,True,False,False,True,True,True,2,2,2,2,2,2,2,2,2,2,2,2,2
52,152,True,True,False,False,True,True,False,False,True,False,False,False,True,True,False,False,False,False,False,True
163,120,False,True,False,True,False,2,2,2,2,2,2,2,2,2,2,2,2,2,2,2
17,34,False,True,False,False,False,False,False,False,False,False,True,True,True,True,True,False,True,True,True,True
140,15,False,True,True,False,True,False,False,False,False,False,True,False,True,False,True,False,True,False,False,False
167,88,True,False,True,True,False,False,False,True,False,2,2,2,2,2,2,2,2,2,2,2
88,167,True,False,True,True,False,False,2,2,2,2,2,2,2,2,2,2,2,2,2,2
15,140,False,False,False,False,False,False,False,False,False,False,False,False,False,True,False,False,False,False,False,False
34,17,False,False,False,True,False,False,True,False,False,True,False,False,True,True,False,True,True,False,False,False
152,52,True,False,True,True,False,False,True,True,False,False,False,True,False,True,False,False,True,True,True,False
3,166,True,True,False,False,True,False,False,True,True,2,2,2,2,2,2,2,2,2,2,2
166,3,True,True,True,False,False,True,False,False,False,False,True,False,True,False,2,2,2,2,2,2
160,130,True,True,False,False,True,False,True,True,False,False,False,False,False,False,True,False,False,False,False,False
136,71,False,False,False,2,2,2,2,2,2,2,2,2,2,2,2,2,2,2,2,2
10,168,True,False,2,2,2,2,2,2,2,2,2,2,2,2,2,2,2,2,2,2
71,136,False,False,True,False,2,2,2,2,2,2,2,2,2,2,2,2,2,2,2,2
108,40,True,True,False,True,True,False,False,True,True,2,2,2,2,2,2,2,2,2,2,2
168,10,False,False,2,2,2,2,2,2,2,2,2,2,2,2,2,2,2,2,2,2
42,172,True,False,False,True,True,False,True,True,False,2,2,2,2,2,2,2,2,2,2,2
130,160,False,True,False,False,True,False,False,False,False,False,False,True,False,True,True,False,True,False,False,True
40,108,True,True,False,False,False,True,True,True,False,2,2,2,2,2,2,2,2,2,2,2
36,172,False,True,True,False,False,False,True,2,2,2,2,2,2,2,2,2,2,2,2,2
172,36,True,True,True,False,False,True,True,2,2,2,2,2,2,2,2,2,2,2,2,2
172,42,False,False,False,True,False,True,True,False,False,True,2,2,2,2,2,2,2,2,2,2
122,176,True,False,True,False,True,False,True,False,True,False,False,False,False,True,False,False,False,False,False,False
61,58,True,False,False,True,False,False,True,True,False,False,False,False,False,False,False,False,False,True,False,True
58,61,True,False,False,True,True,False,True,False,False,True,True,True,False,True,True,True,False,False,False,False
176,122,True,False,True,False,False,False,False,True,True,False,False,True,False,False,True,True,True,False,True,False
51,177,False,True,True,False,False,True,False,False,2,2,2,2,2,2,2,2,2,2,2,2
121,21,False,False,False,True,False,True,False,True,False,True,False,False,True,True,True,True,False,False,False,True
44,95,False,True,False,False,False,False,False,True,False,False,False,False,False,True,False,False,False,True,False,False
21,121,False,True,False,False,False,True,True,False,True,True,False,False,False,False,False,False,False,False,False,False
53,177,True,True,False,True,True,False,True,False,2,2,2,2,2,2,2,2,2,2,2,2
95,44,True,True,False,False,True,False,False,False,False,False,False,False,True,True,False,False,False,False,False,True
177,51,True,True,False,False,True,2,2,2,2,2,2,2,2,2,2,2,2,2,2,2
177,53,False,False,False,False,False,False,True,False,2,2,2,2,2,2,2,2,2,2,2,2
33,35,True,True,False,False,False,False,True,True,False,2,2,2,2,2,2,2,2,2,2,2
25,108,True,True,False,False,False,True,True,False,True,True,False,True,True,False,True,2,2,2,2,2
147,66,True,True,False,False,False,False,True,True,True,True,True,True,True,False,2,2,2,2,2,2
40,168,False,False,False,False,False,False,False,False,False,True,2,2,2,2,2,2,2,2,2,2
168,40,True,False,False,True,True,False,True,False,False,True,False,False,2,2,2,2,2,2,2,2
35,33,False,False,True,2,2,2,2,2,2,2,2,2,2,2,2,2,2,2,2,2
163,39,False,True,True,False,True,False,False,True,True,True,True,False,2,2,2,2,2,2,2,2
66,147,True,False,False,False,False,True,False,False,True,True,False,False,False,2,2,2,2,2,2,2
178,62,True,True,False,False,True,True,False,True,False,False,True,False,False,True,True,True,False,2,2,2
167,181,False,False,True,False,False,False,False,True,False,False,False,False,False,2,2,2,2,2,2,2
39,163,True,True,True,True,False,False,True,False,False,False,True,False,2,2,2,2,2,2,2,2
172,58,False,False,False,False,True,True,False,True,2,2,2,2,2,2,2,2,2,2,2,2
76,152,True,False,False,False,True,False,False,False,True,True,False,False,True,False,True,False,True,True,False,True
181,167,True,False,False,True,False,True,True,False,False,False,False,False,True,False,2,2,2,2,2,2
152,76,False,True,True,False,True,False,False,False,False,True,True,False,False,False,False,False,False,False,False,True
108,25,True,True,True,True,False,True,False,True,False,False,2,2,2,2,2,2,2,2,2,2
62,178,True,True,True,False,False,False,False,False,True,False,2,2,2,2,2,2,2,2,2,2
58,172,True,True,True,False,True,False,True,True,2,2,2,2,2,2,2,2,2,2,2,2
128,95,True,False,False,True,False,True,False,False,False,True,True,False,True,True,True,False,False,False,True,False
95,128,True,False,False,True,False,False,True,False,False,False,False,False,True,True,False,False,False,False,True,False
163,137,False,False,False,True,False,True,False,True,True,False,False,True,True,True,False,False,False,False,False,True
161,60,False,True,False,True,False,False,False,True,True,True,False,False,True,True,False,2,2,2,2,2
96,142,False,True,True,True,False,True,False,True,True,False,False,False,True,True,False,False,False,False,False,False
142,96,True,True,True,False,False,True,True,False,True,True,True,False,True,False,True,False,True,False,False,False
186,145,True,False,False,True,False,False,True,False,False,False,False,False,True,False,False,False,True,False,True,False
137,163,False,True,False,True,False,True,False,False,False,False,False,True,False,False,True,True,True,True,False,False
192,59,True,False,False,False,True,True,True,False,False,False,True,False,True,False,True,True,2,2,2,2
59,192,True,True,True,True,False,False,False,False,False,True,False,False,True,False,2,2,2,2,2,2
60,161,False,False,True,False,False,True,False,False,False,False,True,False,True,False,False,2,2,2,2,2
58,148,False,True,True,False,False,False,True,True,False,False,False,False,False,False,False,False,True,False,False,False
145,186,False,False,False,True,False,True,False,False,False,False,True,True,False,True,False,False,False,True,True,False
148,58,True,False,False,False,True,False,True,False,False,True,True,False,False,False,False,False,True,False,True,False
182,123,True,False,True,False,True,False,False,False,False,True,False,True,True,True,True,2,2,2,2,2
123,182,True,True,True,False,True,False,True,True,True,False,True,True,2,2,2,2,2,2,2,2
110,184,True,True,True,False,True,True,True,True,True,True,True,False,True,False,True,True,True,False,False,True
184,110,True,True,False,True,True,True,True,False,False,True,True,True,False,False,True,True,False,True,False,False
184,70,True,False,False,True,True,False,False,True,False,True,False,False,False,False,False,False,False,True,True,False
174,195,True,False,False,True,False,True,True,True,False,True,True,True,False,False,False,False,False,True,True,False
70,184,False,False,False,True,False,True,False,False,False,False,False,False,False,False,True,True,False,False,False,False
195,174,False,False,False,False,False,True,False,True,False,True,True,True,False,True,True,True,False,False,False,True
94,98,False,True,True,True,False,True,True,False,False,False,True,False,False,False,True,False,False,True,True,False
74,176,True,False,False,True,True,True,False,False,False,False,True,False,False,False,False,True,False,False,False,False
98,94,True,False,True,False,False,True,False,False,True,False,True,False,False,False,True,True,False,True,True,True
176,74,False,True,False,True,True,False,False,True,False,False,True,False,False,True,False,True,False,False,True,True
162,33,True,True,True,False,False,False,False,True,True,False,False,True,True,False,False,False,False,False,False,False
81,157,True,False,False,True,False,True,True,True,True,True,False,True,True,False,True,False,False,False,False,False
177,96,False,False,True,False,False,False,False,False,False,True,False,False,True,False,False,True,False,True,True,False
33,162,True,False,False,False,False,False,True,False,False,True,True,True,False,False,True,True,True,False,False,False
96,177,True,False,False,True,False,False,False,True,False,True,True,True,True,True,True,True,False,False,True,False
157,81,True,False,True,True,True,False,True,True,False,True,True,False,False,True,True,True,False,False,True,True
189,180,False,False,False,True,True,False,True,True,False,True,True,True,True,False,False,False,True,False,True,True
180,189,True,False,False,True,False,True,True,False,True,False,True,False,False,True,False,False,True,False,False,False
187,201,False,False,True,False,False,True,True,False,True,False,True,False,False,2,2,2,2,2,2,2
201,187,True,True,False,False,False,False,False,False,False,False,False,True,True,True,False,2,2,2,2,2
185,20,False,False,False,2,2,2,2,2,2,2,2,2,2,2,2,2,2,2,2,2
185,23,False,True,True,True,False,False,False,True,False,False,True,False,False,False,False,False,False,True,False,True
20,185,False,False,True,2,2,2,2,2,2,2,2,2,2,2,2,2,2,2,2,2
142,177,False,True,False,True,True,True,True,True,False,False,False,False,False,False,True,False,True,False,True,False
103,1,True,False,False,2,2,2,2,2,2,2,2,2,2,2,2,2,2,2,2,2
1,103,True,False,True,False,True,2,2,2,2,2,2,2,2,2,2,2,2,2,2,2
71,203,False,False,False,False,True,False,False,False,False,True,True,False,False,2,2,2,2,2,2,2
25,168,True,True,False,False,False,True,2,2,2,2,2,2,2,2,2,2,2,2,2,2
23,185,True,False,False,True,True,False,False,False,False,False,False,True,False,False,False,True,False,False,True,False
177,142,False,True,False,False,False,True,True,True,False,True,False,False,False,False,False,True,False,False,False,False
203,71,True,False,False,True,False,True,True,True,False,False,True,False,False,False,True,False,2,2,2,2
168,25,False,False,False,2,2,2,2,2,2,2,2,2,2,2,2,2,2,2,2,2
163,205,True,True,False,True,True,False,False,False,2,2,2,2,2,2,2,2,2,2,2,2
156,23,False,True,False,False,False,False,False,True,True,False,True,True,False,2,2,2,2,2,2,2
23,156,False,True,True,False,False,False,False,True,True,False,False,True,False,True,2,2,2,2,2,2
205,163,True,True,False,True,False,False,False,2,2,2,2,2,2,2,2,2,2,2,2,2
108,144,True,False,True,True,True,True,True,False,False,False,2,2,2,2,2,2,2,2,2,2
66,140,True,False,False,True,True,True,False,False,True,True,True,2,2,2,2,2,2,2,2,2
103,13,False,True,False,True,False,False,True,True,True,True,False,False,False,False,False,2,2,2,2,2
140,66,False,True,False,True,False,False,False,False,True,2,2,2,2,2,2,2,2,2,2,2
13,103,True,True,False,False,False,False,False,False,False,False,False,False,False,False,False,False,True,True,True,False
144,108,False,False,True,False,False,False,False,True,True,2,2,2,2,2,2,2,2,2,2,2
129,149,True,True,False,True,False,True,False,False,False,False,2,2,2,2,2,2,2,2,2,2
149,129,True,True,True,False,False,False,False,True,False,2,2,2,2,2,2,2,2,2,2,2
156,185,True,True,True,True,True,True,False,False,False,True,False,False,False,False,2,2,2,2,2,2
199,185,False,2,2,2,2,2,2,2,2,2,2,2,2,2,2,2,2,2,2,2
199,20,False,False,False,False,True,False,False,False,False,True,True,False,False,False,False,True,False,True,False,True
185,156,True,True,True,False,False,False,False,True,False,True,False,False,False,True,2,2,2,2,2,2
185,199,False,2,2,2,2,2,2,2,2,2,2,2,2,2,2,2,2,2,2,2
211,203,False,False,True,False,True,False,True,True,True,True,2,2,2,2,2,2,2,2,2,2
137,205,False,True,False,False,2,2,2,2,2,2,2,2,2,2,2,2,2,2,2,2
96,7,False,True,True,True,False,False,False,True,False,False,False,False,True,False,True,True,True,2,2,2
202,114,False,True,False,False,True,True,False,False,False,True,False,False,True,False,2,2,2,2,2,2
205,137,True,False,False,False,False,2,2,2,2,2,2,2,2,2,2,2,2,2,2,2
204,69,True,True,False,False,True,False,False,True,False,True,False,True,False,True,True,False,False,False,True,False
69,204,True,True,True,False,False,False,True,False,False,False,False,True,False,False,False,False,False,2,2,2
203,211,True,False,True,False,False,False,False,False,True,True,True,True,False,2,2,2,2,2,2,2
211,71,True,False,False,True,False,False,False,True,True,True,True,True,2,2,2,2,2,2,2,2
7,96,False,False,True,False,True,False,True,False,False,False,False,False,False,False,False,False,False,2,2,2
71,211,False,False,False,True,False,False,False,True,False,True,False,False,2,2,2,2,2,2,2,2
31,82,False,False,True,False,False,False,False,False,False,False,False,True,True,False,False,False,False,True,2,2
142,198,False,False,True,True,False,False,True,False,True,2,2,2,2,2,2,2,2,2,2,2
20,199,False,False,True,False,True,False,False,True,True,True,False,False,False,False,True,True,True,2,2,2
114,202,True,True,False,False,False,True,False,False,False,False,2,2,2,2,2,2,2,2,2,2
177,198,True,False,False,False,True,False,False,True,True,True,True,False,True,True,False,False,2,2,2,2
82,31,True,True,False,True,False,True,True,True,True,False,False,True,False,False,False,2,2,2,2,2
214,39,False,True,True,False,False,2,2,2,2,2,2,2,2,2,2,2,2,2,2,2
198,142,False,True,True,False,False,False,False,False,False,2,2,2,2,2,2,2,2,2,2,2
198,177,True,True,True,True,True,False,False,False,False,False,False,True,False,False,2,2,2,2,2,2
69,57,False,True,True,False,False,True,True,False,False,False,True,False,True,False,2,2,2,2,2,2
216,8,False,True,True,False,True,False,2,2,2,2,2,2,2,2,2,2,2,2,2,2
205,39,False,True,False,False,True,False,False,False,False,True,False,False,False,True,False,2,2,2,2,2
29,22,False,False,True,False,False,False,False,False,False,True,False,True,True,2,2,2,2,2,2,2
57,69,True,False,True,False,False,False,True,True,False,False,False,True,False,True,True,True,2,2,2,2
8,216,True,False,True,True,False,2,2,2,2,2,2,2,2,2,2,2,2,2,2,2
39,205,False,False,True,False,False,True,False,False,True,True,False,True,True,True,False,False,False,2,2,2
39,214,True,False,False,True,2,2,2,2,2,2,2,2,2,2,2,2,2,2,2,2
22,29,False,False,True,True,False,False,False,True,True,True,True,True,False,True,True,2,2,2,2,2
84,76,True,True,True,True,False,True,False,False,False,True,True,False,True,False,True,True,False,False,2,2
217,216,False,True,True,True,True,True,False,True,False,True,True,False,True,True,False,True,False,True,False,2
217,8,False,False,False,True,False,2,2,2,2,2,2,2,2,2,2,2,2,2,2,2
168,130,False,False,False,False,True,False,False,False,False,True,False,False,True,True,True,2,2,2,2,2
127,64,True,True,False,True,True,True,False,False,False,False,True,True,False,False,2,2,2,2,2,2
190,1,True,False,False,True,True,True,True,False,True,True,False,True,False,2,2,2,2,2,2,2
216,217,True,False,False,True,False,False,False,False,False,True,True,False,2,2,2,2,2,2,2,2
1,190,False,True,False,True,False,True,False,True,True,False,False,False,False,True,True,False,False,2,2,2
130,168,True,False,False,True,False,True,True,False,False,True,True,False,True,2,2,2,2,2,2,2
8,217,False,True,False,2,2,2,2,2,2,2,2,2,2,2,2,2,2,2,2,2
18,168,False,False,2,2,2,2,2,2,2,2,2,2,2,2,2,2,2,2,2,2
219,124,False,False,True,True,True,False,2,2,2,2,2,2,2,2,2,2,2,2,2,2
124,219,True,False,True,True,True,True,2,2,2,2,2,2,2,2,2,2,2,2,2,2
76,84,True,False,False,False,True,False,True,False,True,False,True,False,False,False,True,False,2,2,2,2
127,94,True,True,False,True,False,2,2,2,2,2,2,2,2,2,2,2,2,2,2,2
94,127,True,True,False,False,2,2,2,2,2,2,2,2,2,2,2,2,2,2,2,2
168,18,True,2,2,2,2,2,2,2,2,2,2,2,2,2,2,2,2,2,2,2
64,127,False,True,False,False,False,False,False,False,False,True,True,False,False,True,False,True,True,2,2,2
160,168,True,True,False,True,True,True,False,True,True,False,True,False,True,2,2,2,2,2,2,2
142,7,False,True,True,False,True,False,False,False,False,False,False,False,2,2,2,2,2,2,2,2
138,69,False,False,False,True,False,False,True,True,True,False,2,2,2,2,2,2,2,2,2,2
168,160,False,False,False,False,False,True,False,True,False,False,False,False,False,2,2,2,2,2,2,2
69,138,False,False,False,True,False,False,False,False,False,False,False,2,2,2,2,2,2,2,2,2
7,142,False,False,False,False,True,True,True,True,False,False,False,True,2,2,2,2,2,2,2,2
52,84,True,True,False,True,False,False,False,True,False,False,2,2,2,2,2,2,2,2,2,2
79,211,False,True,True,True,2,2,2,2,2,2,2,2,2,2,2,2,2,2,2,2
84,52,True,False,False,False,False,False,True,False,True,False,False,True,False,False,True,2,2,2,2,2
211,79,True,True,True,True,2,2,2,2,2,2,2,2,2,2,2,2,2,2,2,2
57,204,True,False,False,True,False,True,True,True,True,False,True,2,2,2,2,2,2,2,2,2
204,57,True,True,False,False,False,False,False,False,False,False,False,False,False,False,False,True,2,2,2,2
19,190,True,True,True,False,True,False,True,True,True,False,2,2,2,2,2,2,2,2,2,2
203,79,False,True,True,True,False,False,False,2,2,2,2,2,2,2,2,2,2,2,2,2
192,225,True,False,True,True,True,False,False,True,2,2,2,2,2,2,2,2,2,2,2,2
79,203,False,True,True,False,False,True,False,2,2,2,2,2,2,2,2,2,2,2,2,2
64,162,False,True,False,False,False,False,False,False,False,True,True,False,False,True,False,True,2,2,2,2
7,177,False,False,False,False,False,True,False,True,True,False,2,2,2,2,2,2,2,2,2,2
162,64,True,False,False,True,False,False,False,2,2,2,2,2,2,2,2,2,2,2,2,2
15,66,False,False,False,False,False,True,False,True,False,True,False,True,False,True,True,False,2,2,2,2
226,22,False,True,False,True,True,True,False,True,False,False,True,False,True,True,True,2,2,2,2,2
226,29,False,False,False,True,True,True,True,True,True,True,True,True,False,False,True,2,2,2,2,2
177,7,True,False,True,True,True,False,False,False,True,True,True,2,2,2,2,2,2,2,2,2
29,226,False,False,False,False,True,False,False,False,False,False,2,2,2,2,2,2,2,2,2,2
225,192,True,False,True,True,False,False,False,2,2,2,2,2,2,2,2,2,2,2,2,2
22,226,True,True,True,False,True,True,False,False,True,False,True,2,2,2,2,2,2,2,2,2
204,138,True,False,False,False,True,True,True,True,True,True,True,False,False,True,False,2,2,2,2,2
5,139,False,False,False,False,True,True,False,False,False,False,True,False,2,2,2,2,2,2,2,2
36,51,False,False,False,True,False,True,False,False,False,False,False,2,2,2,2,2,2,2,2,2
117,89,False,False,False,False,False,False,False,True,True,False,False,True,2,2,2,2,2,2,2,2
174,224,True,True,2,2,2,2,2,2,2,2,2,2,2,2,2,2,2,2,2,2
227,80,False,False,True,True,False,True,False,True,False,True,2,2,2,2,2,2,2,2,2,2
23,147,True,True,False,True,True,False,False,True,2,2,2,2,2,2,2,2,2,2,2,2
111,154,True,True,True,False,False,True,False,True,False,True,False,False,False,2,2,2,2,2,2,2
190,19,False,False,True,False,False,False,False,False,2,2,2,2,2,2,2,2,2,2,2,2
147,23,False,True,False,True,False,True,False,False,True,False,True,False,True,2,2,2,2,2,2,2
139,5,False,True,False,False,False,True,True,True,True,False,False,2,2,2,2,2,2,2,2,2
154,111,False,True,False,False,False,True,False,2,2,2,2,2,2,2,2,2,2,2,2,2
189,228,False,True,False,True,False,True,False,True,True,2,2,2,2,2,2,2,2,2,2,2
66,15,False,False,False,True,True,False,False,False,False,False,False,2,2,2,2,2,2,2,2,2
183,125,True,False,False,False,True,False,False,False,False,False,True,False,2,2,2,2,2,2,2,2
89,117,False,True,False,False,False,True,False,False,False,True,False,False,False,2,2,2,2,2,2,2
138,204,False,False,False,False,False,True,True,False,2,2,2,2,2,2,2,2,2,2,2,2
180,228,False,True,True,False,True,False,True,False,True,2,2,2,2,2,2,2,2,2,2,2
51,36,False,True,False,False,False,False,True,True,False,True,2,2,2,2,2,2,2,2,2,2
147,185,True,True,True,False,False,True,False,True,True,False,False,True,2,2,2,2,2,2,2,2
224,174,False,2,2,2,2,2,2,2,2,2,2,2,2,2,2,2,2,2,2,2
185,147,False,False,True,False,True,True,True,False,True,True,True,True,2,2,2,2,2,2,2,2
84,152,True,False,False,True,True,True,True,False,True,False,True,False,True,True,2,2,2,2,2,2
228,180,True,False,True,True,True,False,True,True,False,True,2,2,2,2,2,2,2,2,2,2
228,189,False,False,False,True,True,False,False,False,True,False,True,False,2,2,2,2,2,2,2,2
125,183,False,False,False,False,False,False,True,True,True,2,2,2,2,2,2,2,2,2,2,2
80,227,False,True,False,True,False,False,False,2,2,2,2,2,2,2,2,2,2,2,2,2
152,84,False,False,False,False,False,False,False,False,False,False,False,False,2,2,2,2,2,2,2,2
137,229,False,True,False,True,True,True,False,True,False,False,2,2,2,2,2,2,2,2,2,2
42,51,True,False,False,True,False,False,True,False,2,2,2,2,2,2,2,2,2,2,2,2
51,42,False,True,True,True,False,False,False,True,True,2,2,2,2,2,2,2,2,2,2,2
163,229,True,False,False,2,2,2,2,2,2,2,2,2,2,2,2,2,2,2,2,2
229,137,False,False,True,False,True,False,True,False,False,2,2,2,2,2,2,2,2,2,2,2
229,163,False,False,True,False,2,2,2,2,2,2,2,2,2,2,2,2,2,2,2,2
189,231,True,2,2,2,2,2,2,2,2,2,2,2,2,2,2,2,2,2,2,2
127,162,False,False,False,True,True,False,True,False,2,2,2,2,2,2,2,2,2,2,2,2
228,231,True,False,True,False,2,2,2,2,2,2,2,2,2,2,2,2,2,2,2,2
194,138,False,True,True,True,False,False,False,False,True,True,False,2,2,2,2,2,2,2,2,2
177,233,False,True,2,2,2,2,2,2,2,2,2,2,2,2,2,2,2,2,2,2
53,233,False,False,True,True,True,False,False,True,True,False,2,2,2,2,2,2,2,2,2,2
72,143,True,False,True,False,True,False,2,2,2,2,2,2,2,2,2,2,2,2,2,2
143,72,True,True,False,False,False,False,True,False,False,True,False,2,2,2,2,2,2,2,2,2
177,234,False,False,False,True,False,False,False,2,2,2,2,2,2,2,2,2,2,2,2,2
183,91,True,False,False,False,False,False,False,False,2,2,2,2,2,2,2,2,2,2,2,2
198,233,False,2,2,2,2,2,2,2,2,2,2,2,2,2,2,2,2,2,2,2
198,234,True,True,True,False,False,False,False,2,2,2,2,2,2,2,2,2,2,2,2,2
119,38,False,False,False,True,False,True,True,True,2,2,2,2,2,2,2,2,2,2,2,2
142,234,False,True,True,False,False,False,True,2,2,2,2,2,2,2,2,2,2,2,2,2
233,177,False,True,2,2,2,2,2,2,2,2,2,2,2,2,2,2,2,2,2,2
233,198,False,False,2,2,2,2,2,2,2,2,2,2,2,2,2,2,2,2,2,2
233,234,True,False,2,2,2,2,2,2,2,2,2,2,2,2,2,2,2,2,2,2
233,53,False,True,True,True,True,True,2,2,2,2,2,2,2,2,2,2,2,2,2,2
7,234,False,False,True,False,False,2,2,2,2,2,2,2,2,2,2,2,2,2,2,2
231,228,False,2,2,2,2,2,2,2,2,2,2,2,2,2,2,2,2,2,2,2
162,127,False,False,True,False,2,2,2,2,2,2,2,2,2,2,2,2,2,2,2,2
38,119,True,True,True,True,True,True,False,False,2,2,2,2,2,2,2,2,2,2,2,2
96,234,False,False,False,False,False,2,2,2,2,2,2,2,2,2,2,2,2,2,2,2
154,28,True,False,False,False,False,False,2,2,2,2,2,2,2,2,2,2,2,2,2,2
28,154,False,True,True,True,True,False,False,False,True,2,2,2,2,2,2,2,2,2,2,2
138,194,True,True,True,True,False,True,2,2,2,2,2,2,2,2,2,2,2,2,2,2
91,183,True,True,True,False,True,False,False,False,False,2,2,2,2,2,2,2,2,2,2,2
234,142,False,True,False,False,False,False,False,2,2,2,2,2,2,2,2,2,2,2,2,2
234,177,False,False,True,False,False,False,True,2,2,2,2,2,2,2,2,2,2,2,2,2
234,198,True,True,False,False,False,False,False,2,2,2,2,2,2,2,2,2,2,2,2,2
234,233,False,True,2,2,2,2,2,2,2,2,2,2,2,2,2,2,2,2,2,2
234,7,False,False,False,False,False,True,True,2,2,2,2,2,2,2,2,2,2,2,2,2
234,96,False,False,False,False,True,False,True,2,2,2,2,2,2,2,2,2,2,2,2,2
178,22,False,True,True,False,True,False,2,2,2,2,2,2,2,2,2,2,2,2,2,2
88,181,True,False,False,2,2,2,2,2,2,2,2,2,2,2,2,2,2,2,2,2
143,113,False,True,True,False,True,False,False,False,False,2,2,2,2,2,2,2,2,2,2,2
222,86,False,False,False,False,False,False,2,2,2,2,2,2,2,2,2,2,2,2,2,2
194,69,True,False,False,False,False,True,False,True,2,2,2,2,2,2,2,2,2,2,2,2
113,143,False,False,True,True,True,False,2,2,2,2,2,2,2,2,2,2,2,2,2,2
86,222,False,True,True,True,False,True,True,True,2,2,2,2,2,2,2,2,2,2,2,2
22,178,True,True,False,False,False,2,2,2,2,2,2,2,2,2,2,2,2,2,2,2
238,62,True,False,True,False,True,2,2,2,2,2,2,2,2,2,2,2,2,2,2,2
62,238,False,True,False,True,False,2,2,2,2,2,2,2,2,2,2,2,2,2,2,2
69,194,False,False,False,False,False,2,2,2,2,2,2,2,2,2,2,2,2,2,2,2
217,214,False,False,False,True,True,False,2,2,2,2,2,2,2,2,2,2,2,2,2,2
214,216,True,False,False,False,True,False,True,2,2,2,2,2,2,2,2,2,2,2,2,2
214,217,False,True,False,False,False,False,False,2,2,2,2,2,2,2,2,2,2,2,2,2
128,195,False,False,True,True,False,False,2,2,2,2,2,2,2,2,2,2,2,2,2,2
195,128,True,False,False,True,False,True,True,2,2,2,2,2,2,2,2,2,2,2,2,2
225,59,True,True,False,False,2,2,2,2,2,2,2,2,2,2,2,2,2,2,2,2
59,225,False,True,False,True,False,True,2,2,2,2,2,2,2,2,2,2,2,2,2,2
181,88,False,True,False,False,2,2,2,2,2,2,2,2,2,2,2,2,2,2,2,2
178,226,True,True,False,True,2,2,2,2,2,2,2,2,2,2,2,2,2,2,2,2
226,178,False,True,False,False,False,False,False,2,2,2,2,2,2,2,2,2,2,2,2,2
206,198,False,False,False,True,True,True,False,2,2,2,2,2,2,2,2,2,2,2,2,2
198,206,True,False,True,False,False,False,2,2,2,2,2,2,2,2,2,2,2,2,2,2
216,214,True,True,2,2,2,2,2,2,2,2,2,2,2,2,2,2,2,2,2,2
194,204,True,False,False,True,False,2,2,2,2,2,2,2,2,2,2,2,2,2,2,2
204,194,True,True,False,True,2,2,2,2,2,2,2,2,2,2,2,2,2,2,2,2
7,198,False,False,True,2,2,2,2,2,2,2,2,2,2,2,2,2,2,2,2,2
242,205,False,True,False,True,False,2,2,2,2,2,2,2,2,2,2,2,2,2,2,2
242,39,True,False,True,False,True,2,2,2,2,2,2,2,2,2,2,2,2,2,2,2
174,128,False,True,False,2,2,2,2,2,2,2,2,2,2,2,2,2,2,2,2,2
198,7,True,False,False,True,False,2,2,2,2,2,2,2,2,2,2,2,2,2,2,2
60,11,True,False,True,False,2,2,2,2,2,2,2,2,2,2,2,2,2,2,2,2
160,232,False,True,2,2,2,2,2,2,2,2,2,2,2,2,2,2,2,2,2,2
130,232,True,2,2,2,2,2,2,2,2,2,2,2,2,2,2,2,2,2,2,2
59,230,True,True,True,False,2,2,2,2,2,2,2,2,2,2,2,2,2,2,2,2
194,57,True,True,False,False,2,2,2,2,2,2,2,2,2,2,2,2,2,2,2,2
232,130,False,2,2,2,2,2,2,2,2,2,2,2,2,2,2,2,2,2,2,2
232,160,True,True,2,2,2,2,2,2,2,2,2,2,2,2,2,2,2,2,2,2
232,168,True,True,False,2,2,2,2,2,2,2,2,2,2,2,2,2,2,2,2,2
206,234,False,False,False,True,2,2,2,2,2,2,2,2,2,2,2,2,2,2,2,2
206,53,True,True,False,2,2,2,2,2,2,2,2,2,2,2,2,2,2,2,2,2
151,52,False,True,2,2,2,2,2,2,2,2,2,2,2,2,2,2,2,2,2,2
234,206,False,False,True,2,2,2,2,2,2,2,2,2,2,2,2,2,2,2,2,2
52,151,False,False,2,2,2,2,2,2,2,2,2,2,2,2,2,2,2,2,2,2
230,59,True,False,False,False,2,2,2,2,2,2,2,2,2,2,2,2,2,2,2,2
39,242,True,True,False,True,2,2,2,2,2,2,2,2,2,2,2,2,2,2,2,2
141,34,False,False,False,2,2,2,2,2,2,2,2,2,2,2,2,2,2,2,2,2
205,242,False,False,False,2,2,2,2,2,2,2,2,2,2,2,2,2,2,2,2,2
128,174,False,False,True,False,2,2,2,2,2,2,2,2,2,2,2,2,2,2,2,2
34,141,True,False,True,False,2,2,2,2,2,2,2,2,2,2,2,2,2,2,2,2
53,206,True,True,2,2,2,2,2,2,2,2,2,2,2,2,2,2,2,2,2,2
168,232,False,True,False,True,2,2,2,2,2,2,2,2,2,2,2,2,2,2,2,2
160,18,True,False,False,2,2,2,2,2,2,2,2,2,2,2,2,2,2,2,2,2
11,60,False,2,2,2,2,2,2,2,2,2,2,2,2,2,2,2,2,2,2,2
10,230,True,False,True,2,2,2,2,2,2,2,2,2,2,2,2,2,2,2,2,2
152,151,False,False,False,2,2,2,2,2,2,2,2,2,2,2,2,2,2,2,2,2
57,194,False,False,True,2,2,2,2,2,2,2,2,2,2,2,2,2,2,2,2,2
233,246,True,True,True,2,2,2,2,2,2,2,2,2,2,2,2,2,2,2,2,2
230,10,True,False,False,2,2,2,2,2,2,2,2,2,2,2,2,2,2,2,2,2
230,225,False,False,True,2,2,2,2,2,2,2,2,2,2,2,2,2,2,2,2,2
241,107,False,True,2,2,2,2,2,2,2,2,2,2,2,2,2,2,2,2,2,2
18,160,False,True,2,2,2,2,2,2,2,2,2,2,2,2,2,2,2,2,2,2
225,230,True,2,2,2,2,2,2,2,2,2,2,2,2,2,2,2,2,2,2,2
246,233,True,2,2,2,2,2,2,2,2,2,2,2,2,2,2,2,2,2,2,2
151,152,True,2,2,2,2,2,2,2,2,2,2,2,2,2,2,2,2,2,2,2
94,162,False,2,2,2,2,2,2,2,2,2,2,2,2,2,2,2,2,2,2,2
107,241,True,False,2,2,2,2,2,2,2,2,2,2,2,2,2,2,2,2,2,2
199,156,False,False,True,2,2,2,2,2,2,2,2,2,2,2,2,2,2,2,2,2
162,94,True,False,2,2,2,2,2,2,2,2,2,2,2,2,2,2,2,2,2,2
156,199,False,True,True,2,2,2,2,2,2,2,2,2,2,2,2,2,2,2,2,2
7,206,False,2,2,2,2,2,2,2,2,2,2,2,2,2,2,2,2,2,2,2
206,7,False,True,2,2,2,2,2,2,2,2,2,2,2,2,2,2,2,2,2,2
200,108,False,2,2,2,2,2,2,2,2,2,2,2,2,2,2,2,2,2,2,2
172,248,False,2,2,2,2,2,2,2,2,2,2,2,2,2,2,2,2,2,2,2
