sender,receiver,msg1,msg2,msg3,msg4,msg5,msg6,msg7,msg8,msg9,msg10
10,18,True,False,True,True,False,False,2,2,2,2
18,10,False,False,True,False,False,False,2,2,2,2
19,1,False,True,True,True,False,False,True,True,False,True
1,19,True,False,True,False,False,False,False,True,False,True
24,13,False,False,2,2,2,2,2,2,2,2
13,24,False,2,2,2,2,2,2,2,2,2
40,25,False,True,False,False,False,False,False,False,False,False
25,40,False,False,True,False,True,False,False,True,False,True
43,6,False,False,False,False,True,True,True,True,True,True
6,43,False,True,False,True,False,False,False,False,False,False
2,27,True,True,False,True,False,False,False,False,False,False
27,2,True,False,False,False,False,True,False,False,True,True
53,51,True,True,False,True,True,False,True,False,False,False
51,53,False,False,False,True,True,False,True,True,False,True
69,51,False,False,False,2,2,2,2,2,2,2
69,53,True,True,True,False,False,False,2,2,2,2
51,69,False,True,2,2,2,2,2,2,2,2
53,69,True,False,False,False,False,False,True,2,2,2
70,30,False,False,True,False,False,False,False,False,True,False
30,70,True,False,False,False,True,False,False,False,False,True
63,67,True,False,False,True,True,True,False,True,False,False
67,63,False,False,False,True,False,True,False,True,True,False
55,56,False,False,False,False,False,False,False,False,True,False
52,76,True,False,True,True,True,True,True,False,True,False
76,52,True,True,False,False,True,False,True,False,False,True
79,34,True,False,True,False,False,False,True,False,True,True
34,79,True,False,False,False,False,True,False,False,False,False
56,55,False,True,False,False,True,False,False,False,True,False
75,85,True,True,True,False,True,True,False,False,False,True
41,82,True,False,False,True,True,2,2,2,2,2
85,75,True,False,False,True,False,False,False,True,False,False
82,41,False,True,False,False,2,2,2,2,2,2
39,8,True,False,False,False,False,True,False,True,True,True
8,39,True,True,False,True,True,False,False,True,True,False
64,94,True,False,True,True,True,True,True,True,2,2
94,64,False,False,False,False,False,True,True,False,False,False
66,20,False,True,False,False,False,False,True,True,True,False
20,66,True,True,False,False,False,False,False,False,False,False
96,69,False,False,2,2,2,2,2,2,2,2
69,96,False,True,True,2,2,2,2,2,2,2
84,7,True,False,False,False,False,False,False,False,False,True
7,84,True,False,True,True,True,True,True,False,True,False
102,46,True,True,False,True,False,False,False,True,False,False
46,102,False,True,False,True,True,False,False,True,False,True
85,2,False,True,False,False,True,False,False,True,False,True
22,62,True,True,False,True,False,False,False,True,True,False
62,22,False,True,True,False,True,True,True,False,False,False
35,54,True,False,True,True,False,False,False,False,False,False
54,35,True,True,False,False,False,True,False,False,False,False
98,104,True,False,True,True,False,False,False,False,True,True
2,85,False,True,False,False,True,False,True,True,True,False
104,98,True,False,False,False,False,False,False,False,False,True
79,71,True,False,False,False,False,True,False,True,True,True
71,79,True,False,True,False,False,False,False,True,True,False
70,110,False,False,False,False,False,True,True,False,False,False
110,70,True,False,True,False,False,False,False,False,False,False
73,112,False,False,False,True,False,True,False,False,False,True
99,97,False,False,False,False,True,True,False,True,True,True
112,73,False,False,False,True,False,False,False,False,False,True
97,99,True,True,False,False,True,False,False,True,False,False
105,9,False,False,False,False,True,False,True,False,False,False
9,105,True,True,False,True,True,True,False,False,False,True
125,91,False,True,False,False,True,True,False,False,False,False
44,128,False,True,True,False,True,True,True,True,True,False
33,127,False,False,False,True,True,True,False,False,False,2
128,44,True,False,False,False,True,False,False,False,False,False
59,107,False,True,False,False,False,False,False,True,True,False
127,33,False,False,False,False,True,False,True,True,False,2
107,59,True,True,True,False,False,False,False,True,True,True
91,125,False,True,False,False,True,False,False,True,False,False
18,130,True,False,False,False,True,False,True,True,True,2
74,122,False,False,False,True,False,False,True,False,True,False
122,74,False,False,False,True,False,False,False,False,True,True
113,72,True,True,False,False,False,True,False,True,False,False
72,113,True,False,True,False,True,True,True,False,False,False
130,18,True,False,False,False,2,2,2,2,2,2
136,118,False,True,False,False,True,False,False,False,False,True
55,103,True,False,True,True,True,True,True,False,False,False
103,55,True,True,False,True,True,True,False,False,True,False
118,136,False,True,True,False,True,False,False,False,True,False
138,57,True,False,True,False,False,False,True,False,True,False
57,138,True,False,False,False,True,False,False,True,False,False
133,6,False,True,True,True,False,False,False,False,False,False
6,133,True,False,False,False,False,True,True,False,True,False
69,142,False,False,True,2,2,2,2,2,2,2
131,145,False,False,False,False,False,False,False,True,True,False
145,131,False,False,False,False,False,False,False,False,False,False
93,146,True,False,True,True,True,False,False,2,2,2
40,144,True,True,False,True,False,True,False,False,False,True
42,36,False,False,False,False,False,False,False,False,True,True
36,42,True,True,False,False,False,True,False,False,False,False
144,40,True,True,True,True,False,False,False,True,True,True
142,69,False,False,2,2,2,2,2,2,2,2
146,93,True,True,False,True,True,False,2,2,2,2
33,64,True,False,True,True,True,False,False,True,False,False
109,141,False,True,True,False,True,False,False,False,False,2
148,61,True,True,False,False,True,False,True,True,True,False
141,109,False,False,False,False,False,False,False,True,False,False
50,146,False,False,False,False,False,False,False,False,True,False
64,33,True,False,True,False,True,False,True,False,False,True
146,50,True,True,False,True,True,False,True,False,False,False
61,148,True,False,True,True,True,True,False,True,True,True
140,147,True,False,True,True,False,True,False,False,True,2
147,140,True,False,False,True,False,False,False,False,False,True
146,153,False,True,False,False,True,True,False,True,False,True
50,153,True,False,False,True,True,True,True,False,False,False
93,153,True,False,False,False,2,2,2,2,2,2
153,146,False,False,True,False,False,True,False,False,True,False
153,50,False,False,False,False,True,False,False,True,True,False
153,93,False,False,True,False,False,False,2,2,2,2
28,111,False,False,False,False,True,True,False,False,True,True
111,28,False,False,False,True,False,True,False,True,True,False
157,47,True,True,False,False,False,True,2,2,2,2
106,119,False,True,True,False,True,False,True,False,False,False
47,157,True,False,True,False,True,True,True,2,2,2
119,106,True,False,True,True,True,False,False,False,False,False
48,158,False,True,True,False,False,False,False,False,True,True
158,48,False,True,False,True,True,False,False,False,False,True
43,124,False,True,False,False,False,True,False,False,True,False
124,43,False,False,False,True,True,True,False,True,False,False
25,144,True,False,True,True,False,False,True,False,False,False
97,161,False,False,True,False,True,True,True,True,True,False
161,97,True,False,False,True,False,False,False,False,False,False
23,20,True,True,True,False,False,False,False,True,True,False
156,66,False,False,False,False,True,False,True,True,True,False
144,25,True,True,True,False,False,False,False,True,True,False
66,156,True,True,True,True,True,True,True,True,True,True
20,23,False,False,False,True,False,False,True,True,False,False
163,120,True,False,False,False,2,2,2,2,2,2
120,163,False,True,False,False,False,False,False,2,2,2
152,52,True,True,False,False,False,False,False,True,True,True
52,152,False,False,False,True,True,True,False,False,True,True
17,34,False,False,True,True,True,True,False,True,True,True
34,17,True,True,True,False,True,False,False,True,False,False
15,140,False,False,False,False,False,False,True,True,True,True
167,88,True,False,False,False,False,True,True,False,False,False
130,160,True,False,False,False,True,True,False,True,False,True
71,136,True,True,True,2,2,2,2,2,2,2
40,108,False,False,False,True,False,True,True,False,False,False
140,15,False,False,False,False,True,True,False,True,False,False
108,40,True,False,True,False,True,False,False,True,True,False
3,166,False,True,True,True,True,False,2,2,2,2
136,71,False,True,True,False,2,2,2,2,2,2
88,167,False,True,True,False,False,True,False,True,True,True
166,3,True,True,False,False,False,False,False,False,True,True
160,130,False,True,True,True,True,False,False,True,False,True
168,10,True,2,2,2,2,2,2,2,2,2
10,168,True,2,2,2,2,2,2,2,2,2
42,172,True,False,False,False,False,False,False,True,True,True
172,36,False,True,False,True,False,False,True,False,2,2
172,42,False,False,True,False,False,False,True,False,True,False
36,172,False,True,2,2,2,2,2,2,2,2
122,176,False,False,True,False,False,False,True,False,True,True
176,122,True,True,False,False,True,True,False,False,2,2
177,51,True,False,False,True,True,True,True,False,False,2
177,53,False,False,True,True,False,False,True,True,False,2
61,58,True,True,False,False,False,False,True,True,False,False
53,177,True,False,False,False,False,True,True,False,False,2
95,44,False,True,True,True,True,False,False,True,2,2
44,95,True,False,False,False,True,True,True,False,False,True
121,21,False,True,True,False,False,True,False,True,2,2
51,177,False,False,True,False,False,False,False,False,2,2
21,121,True,False,False,True,False,True,True,False,True,False
147,66,False,False,False,True,False,False,True,True,False,True
66,147,False,False,True,True,False,True,False,2,2,2
58,61,True,True,True,True,False,False,False,True,False,True
40,168,False,True,True,True,False,False,True,False,False,2
62,178,True,False,False,False,True,False,False,2,2,2
58,172,False,True,False,False,False,False,True,True,2,2
172,58,True,False,False,False,False,False,False,False,2,2
108,25,True,True,True,False,False,False,True,True,False,2
25,108,False,True,True,True,True,True,True,False,False,2
168,40,False,False,False,False,True,False,True,True,False,2
39,163,False,True,True,True,False,True,False,2,2,2
33,35,True,False,True,2,2,2,2,2,2,2
35,33,True,False,True,2,2,2,2,2,2,2
163,39,True,False,False,False,False,True,False,True,True,2
178,62,True,True,True,True,False,True,2,2,2,2
76,152,False,True,True,False,False,True,2,2,2,2
128,95,False,False,False,True,2,2,2,2,2,2
167,181,True,True,False,True,2,2,2,2,2,2
152,76,False,False,True,False,False,True,2,2,2,2
95,128,True,True,True,2,2,2,2,2,2,2
181,167,False,True,False,True,2,2,2,2,2,2
163,137,False,True,False,True,True,False,2,2,2,2
142,96,False,True,False,True,False,True,2,2,2,2
186,145,False,False,True,True,2,2,2,2,2,2
161,60,False,True,True,True,2,2,2,2,2,2
96,142,False,True,False,False,2,2,2,2,2,2
59,192,True,True,True,False,2,2,2,2,2,2
137,163,False,False,True,False,True,2,2,2,2,2
60,161,True,False,False,False,2,2,2,2,2,2
192,59,False,True,True,2,2,2,2,2,2,2
123,182,True,True,2,2,2,2,2,2,2,2
145,186,True,False,False,True,2,2,2,2,2,2
184,110,True,False,True,True,2,2,2,2,2,2
184,70,False,False,False,True,2,2,2,2,2,2
182,123,False,True,True,2,2,2,2,2,2,2
110,184,False,True,True,2,2,2,2,2,2,2
58,148,True,False,False,2,2,2,2,2,2,2
74,176,False,True,False,True,2,2,2,2,2,2
70,184,True,False,2,2,2,2,2,2,2,2
177,96,False,True,2,2,2,2,2,2,2,2
43,197,True,False,2,2,2,2,2,2,2,2
157,81,False,2,2,2,2,2,2,2,2,2
174,195,False,2,2,2,2,2,2,2,2,2
162,33,True,2,2,2,2,2,2,2,2,2
81,157,True,2,2,2,2,2,2,2,2,2
96,177,True,2,2,2,2,2,2,2,2,2
33,162,True,True,2,2,2,2,2,2,2,2
195,174,False,True,2,2,2,2,2,2,2,2
197,124,True,False,2,2,2,2,2,2,2,2
197,43,False,True,2,2,2,2,2,2,2,2
94,98,True,2,2,2,2,2,2,2,2,2
124,197,False,2,2,2,2,2,2,2,2,2
98,94,False,False,2,2,2,2,2,2,2,2
148,58,False,2,2,2,2,2,2,2,2,2
176,74,True,2,2,2,2,2,2,2,2,2
