sender,receiver,msg1,msg2,msg3,msg4,msg5,msg6,msg7,msg8,msg9,msg10
18,10,False,False,False,True,True,2,2,2,2,2
19,1,False,False,True,False,False,False,False,True,True,True
10,18,False,False,True,True,2,2,2,2,2,2
1,19,False,True,False,False,True,False,True,True,True,False
13,24,False,2,2,2,2,2,2,2,2,2
24,13,True,2,2,2,2,2,2,2,2,2
40,25,False,True,True,False,True,False,False,False,False,False
25,40,True,False,False,False,True,False,False,False,False,False
43,6,False,False,False,False,True,False,True,True,False,False
6,43,False,False,True,False,True,True,False,False,False,True
27,2,False,True,False,False,False,False,True,False,False,True
2,27,False,False,False,False,True,False,False,False,False,False
53,51,True,False,False,False,True,True,True,True,False,False
51,53,True,True,False,True,True,True,False,False,True,False
53,69,False,True,True,False,False,2,2,2,2,2
51,69,False,True,False,2,2,2,2,2,2,2
30,70,True,False,True,False,False,False,False,True,True,False
69,51,False,2,2,2,2,2,2,2,2,2
69,53,False,True,True,False,False,2,2,2,2,2
70,30,True,False,False,False,True,True,False,False,True,True
63,67,False,False,False,False,False,False,False,True,True,False
67,63,True,False,False,True,False,True,True,False,True,False
56,55,True,False,False,True,False,True,False,True,False,False
55,56,False,True,False,True,True,False,False,True,False,True
76,52,True,True,False,True,True,False,True,True,True,False
34,79,True,False,False,True,False,True,True,False,False,False
52,76,False,False,False,True,False,True,False,True,True,False
79,34,True,False,True,False,True,False,False,False,True,True
82,41,True,True,True,True,True,True,False,True,False,True
75,85,True,True,True,True,False,False,False,False,False,False
85,75,False,True,False,False,True,True,False,False,False,False
41,82,True,False,True,False,True,False,False,True,False,False
8,39,True,False,True,True,False,False,False,True,True,False
39,8,True,False,False,False,True,True,False,True,False,False
64,94,True,True,True,False,False,False,True,True,False,False
94,64,True,False,False,False,False,True,True,True,False,False
69,96,False,False,False,2,2,2,2,2,2,2
96,69,True,False,True,2,2,2,2,2,2,2
20,66,False,True,True,False,True,True,False,True,False,True
84,7,True,True,False,False,True,True,False,False,False,True
7,84,True,True,False,True,False,True,True,True,True,False
66,20,True,False,False,True,True,False,True,False,False,False
46,102,True,False,False,True,False,True,False,True,False,True
102,46,True,False,True,True,False,True,False,False,True,False
35,54,True,False,True,False,False,False,True,False,True,True
54,35,False,False,False,False,False,False,False,True,False,False
85,2,False,True,True,True,False,False,True,True,True,False
62,22,True,False,True,False,False,True,False,True,True,False
104,98,True,False,False,True,False,False,False,False,True,True
2,85,True,False,False,False,False,True,False,True,False,False
22,62,True,False,False,True,False,False,True,False,True,False
98,104,False,False,False,False,False,True,True,False,True,False
71,79,True,False,False,False,True,False,True,False,False,True
112,73,False,False,False,False,True,False,True,False,True,False
110,70,False,False,False,False,True,False,True,True,True,True
79,71,True,False,False,True,False,True,False,False,True,True
97,99,False,True,False,True,False,False,False,True,True,True
73,112,False,True,False,False,True,False,False,True,False,False
70,110,False,False,False,True,True,False,True,True,True,True
99,97,False,True,True,True,False,True,False,False,False,False
9,105,True,False,True,False,False,False,True,False,False,False
105,9,True,True,False,False,False,True,False,True,False,False
91,125,True,False,True,False,False,False,False,True,True,False
125,91,True,False,True,False,False,True,False,False,False,True
127,33,True,False,False,False,False,False,True,False,True,False
33,127,False,True,True,False,True,False,False,True,False,True
128,44,True,True,False,False,False,False,True,False,True,False
107,59,False,False,False,False,True,False,False,False,True,2
59,107,True,False,True,True,False,False,False,False,True,2
44,128,True,False,False,False,False,True,True,False,False,False
18,130,False,True,False,True,False,False,True,True,False,True
130,18,False,False,False,False,False,False,True,True,False,False
122,74,True,False,True,False,False,False,True,False,True,True
113,72,True,True,False,True,False,False,False,False,True,True
74,122,False,True,True,True,False,True,False,True,True,False
103,55,True,False,False,False,False,False,False,True,False,True
55,103,True,True,False,True,True,True,True,False,False,False
72,113,True,True,True,False,True,False,True,True,False,False
138,57,False,True,False,False,True,False,False,False,True,True
118,136,True,True,False,True,False,False,False,False,True,True
136,118,True,False,True,True,False,True,False,False,True,True
57,138,True,True,False,False,False,True,True,True,True,True
142,69,True,True,True,False,2,2,2,2,2,2
69,142,False,False,True,False,2,2,2,2,2,2
6,133,False,False,True,False,False,False,False,False,True,False
131,145,False,True,True,True,True,True,False,False,True,False
145,131,False,False,False,False,False,True,True,False,True,False
40,144,False,False,False,False,True,False,True,False,2,2
144,40,True,True,True,True,False,True,False,False,False,False
109,141,False,False,True,True,True,False,False,2,2,2
148,61,True,False,False,False,False,True,True,False,True,False
93,146,True,False,False,2,2,2,2,2,2,2
133,6,False,True,True,True,False,False,False,True,True,False
42,36,False,False,False,False,True,False,True,True,False,False
146,50,False,True,True,True,False,True,False,False,True,False
146,93,False,False,2,2,2,2,2,2,2,2
33,64,True,False,False,True,False,False,False,False,False,True
61,148,False,False,False,False,False,True,False,True,True,False
64,33,False,True,False,False,True,True,False,False,True,True
36,42,True,False,False,False,False,True,False,True,False,True
50,146,True,False,False,True,False,False,False,False,True,False
147,140,False,True,True,False,True,False,False,True,False,2
153,146,True,True,False,True,False,True,False,True,False,True
153,50,False,False,True,False,False,False,True,False,True,False
153,93,True,False,False,False,False,2,2,2,2,2
50,153,False,False,False,False,True,False,True,False,False,True
140,147,True,False,False,False,True,True,True,True,True,False
28,111,False,False,False,True,False,True,True,True,False,True
93,153,True,False,False,2,2,2,2,2,2,2
141,109,False,False,False,True,False,False,2,2,2,2
146,153,False,False,False,False,False,False,False,False,False,True
111,28,True,False,False,True,False,False,False,False,False,True
157,47,True,True,True,False,False,2,2,2,2,2
124,43,True,True,True,True,True,False,True,False,False,False
119,106,True,True,True,False,False,True,True,False,False,False
47,157,True,False,True,True,False,False,False,2,2,2
106,119,False,True,False,False,False,True,False,False,False,False
158,48,True,True,False,False,True,False,False,False,False,False
144,25,False,False,True,False,False,True,False,False,True,False
25,144,False,True,False,False,False,False,False,False,False,False
161,97,True,False,True,True,True,False,True,False,False,False
20,23,True,False,True,False,False,True,False,True,False,True
48,158,False,False,False,True,False,True,True,True,False,False
156,66,False,True,True,False,False,True,False,False,False,True
66,156,True,False,False,False,False,False,False,False,True,False
97,161,False,False,True,False,True,False,False,False,False,False
23,20,True,True,True,False,False,True,True,False,False,False
120,163,True,True,False,True,True,False,False,2,2,2
163,120,False,True,False,True,False,2,2,2,2,2
152,52,False,False,False,False,False,False,True,False,False,True
166,3,False,True,False,True,True,False,False,True,False,True
3,166,True,False,True,True,True,False,False,True,False,False
88,167,False,False,False,False,True,False,False,False,False,True
130,160,True,False,False,False,True,True,False,False,True,False
17,34,True,False,False,True,False,False,True,False,False,False
140,15,True,False,False,True,True,False,False,False,True,False
167,88,False,False,False,True,False,True,False,False,2,2
40,108,True,False,True,False,False,True,True,False,False,False
34,17,False,False,False,False,True,True,True,True,False,False
52,152,False,False,False,False,False,False,False,True,False,False
108,168,False,2,2,2,2,2,2,2,2,2
108,40,True,True,True,False,False,True,True,True,True,False
15,140,True,True,False,False,False,False,False,True,True,False
160,130,False,True,False,False,False,False,True,False,False,False
71,136,True,False,True,True,2,2,2,2,2,2
43,124,True,False,False,True,True,False,True,True,False,False
136,71,False,False,False,2,2,2,2,2,2,2
168,10,False,True,2,2,2,2,2,2,2,2
10,168,False,True,2,2,2,2,2,2,2,2
36,172,True,True,False,False,False,True,True,False,False,2
172,36,True,False,False,False,False,False,True,False,2,2
172,42,False,False,True,False,True,True,True,True,False,True
42,172,False,False,False,True,False,False,2,2,2,2
61,58,False,True,False,False,False,False,True,False,True,False
58,61,False,True,True,False,True,False,False,True,False,False
122,176,True,True,True,True,False,True,False,False,False,False
176,122,True,True,True,True,False,True,False,False,False,False
177,51,True,False,False,False,True,False,False,False,False,2
177,53,True,True,True,False,True,False,False,False,True,False
51,177,True,False,False,False,False,True,False,2,2,2
53,177,True,False,False,True,False,2,2,2,2,2
155,180,True,2,2,2,2,2,2,2,2,2
95,44,False,False,False,False,True,True,False,False,True,True
121,21,True,True,False,False,False,False,True,True,False,True
44,95,False,False,True,False,False,False,True,False,True,False
21,121,True,False,False,False,True,False,False,False,True,True
66,147,True,False,True,True,False,False,False,True,False,False
147,66,False,False,False,True,False,False,False,False,False,False
40,168,False,False,True,True,False,False,False,False,False,2
178,62,True,False,True,True,True,False,False,False,False,False
108,25,True,False,False,False,True,False,True,False,True,False
168,40,False,False,True,False,True,False,True,False,2,2
25,108,False,False,False,False,False,False,False,False,True,True
172,58,True,False,False,False,True,True,True,True,True,True
58,172,False,False,True,True,False,False,2,2,2,2
62,178,False,True,True,False,False,True,False,True,False,True
152,76,True,True,True,True,True,True,True,False,True,False
76,152,False,False,True,True,True,False,False,False,False,True
167,181,False,True,True,False,True,True,True,False,False,False
181,167,True,True,False,False,False,False,False,True,True,True
35,33,False,2,2,2,2,2,2,2,2,2
163,39,False,True,False,False,True,True,False,False,False,False
39,163,False,True,False,False,False,False,True,False,True,False
95,128,False,False,True,False,True,False,False,False,False,True
33,35,False,2,2,2,2,2,2,2,2,2
128,95,False,True,False,True,True,False,False,True,False,False
60,161,True,False,False,False,False,False,True,False,True,False
161,60,False,False,False,True,False,True,True,True,False,True
192,59,True,False,False,False,False,False,False,False,False,True
137,163,False,False,True,False,False,False,False,False,False,False
96,142,True,False,False,True,False,True,True,False,True,True
123,182,True,False,True,True,False,False,True,True,False,False
142,96,False,False,False,False,False,False,True,False,False,False
184,110,False,True,False,True,False,True,True,False,False,False
184,70,True,False,False,True,False,True,True,True,True,False
163,137,False,True,True,False,True,False,True,False,True,False
145,186,False,False,True,False,False,True,False,True,False,False
148,58,False,False,True,False,False,False,False,False,True,True
59,192,False,False,True,True,False,False,False,False,False,False
110,184,False,False,False,False,True,True,True,False,True,False
186,145,False,False,False,True,True,False,True,False,True,False
58,148,True,True,False,True,False,True,False,False,True,True
70,184,True,True,False,False,False,False,False,True,True,False
176,74,False,True,False,True,False,True,False,True,False,False
174,195,True,False,True,False,True,False,False,True,True,False
182,123,False,False,False,True,False,False,True,True,True,False
195,174,True,False,True,False,True,True,False,False,False,True
74,176,False,True,False,True,False,False,False,False,False,True
177,96,True,True,True,False,False,True,False,False,False,False
162,33,True,False,False,True,True,False,False,True,False,False
189,180,True,True,False,True,False,False,True,True,True,False
98,94,True,False,False,False,True,True,True,False,True,False
33,162,False,False,False,False,False,False,True,True,False,False
20,185,False,True,True,False,False,2,2,2,2,2
96,177,True,False,False,True,False,True,False,False,True,False
81,157,False,False,False,False,False,False,False,True,True,False
157,81,False,True,False,True,True,True,True,True,True,True
185,20,True,False,False,False,2,2,2,2,2,2
185,23,False,True,True,True,False,True,True,False,False,True
94,98,True,False,True,False,False,False,False,False,False,True
180,189,False,True,False,True,True,True,True,True,False,False
23,185,True,False,True,False,False,True,False,True,False,True
201,187,True,True,False,False,False,False,False,True,False,True
168,25,False,False,False,True,True,False,False,True,False,True
187,201,True,False,True,True,True,False,False,True,True,True
1,103,True,True,False,True,False,False,2,2,2,2
25,168,True,False,False,False,False,True,False,False,True,2
142,177,False,False,True,False,True,True,False,False,True,False
177,142,False,True,True,True,True,False,True,True,True,True
144,108,True,False,True,True,False,False,False,False,False,True
103,1,False,False,False,True,2,2,2,2,2,2
203,71,False,True,True,False,False,False,False,True,False,False
71,203,False,True,False,False,True,True,False,False,True,2
108,144,True,False,True,False,True,False,False,False,True,False
205,163,False,True,False,True,True,True,False,2,2,2
163,205,False,False,False,False,True,False,False,2,2,2
23,156,False,True,False,True,False,False,False,True,False,False
156,23,True,False,False,True,False,False,False,True,False,True
185,199,True,2,2,2,2,2,2,2,2,2
103,13,True,False,False,True,False,True,True,False,True,False
199,185,True,2,2,2,2,2,2,2,2,2
199,20,True,False,False,False,False,True,False,True,False,False
129,149,True,False,False,False,True,True,True,False,False,2
149,129,False,False,False,False,False,False,True,False,True,False
20,199,True,False,False,False,False,False,True,False,True,True
13,103,False,False,True,True,False,True,False,False,False,True
156,185,True,True,True,True,False,False,True,True,False,False
93,140,False,False,True,True,True,False,False,False,True,False
31,82,False,False,True,False,True,True,True,True,False,True
197,124,True,2,2,2,2,2,2,2,2,2
197,43,True,True,True,True,True,False,True,False,True,False
185,156,True,False,False,False,True,True,True,False,True,False
43,197,False,False,False,False,True,True,True,True,False,False
82,31,False,True,False,False,False,False,True,False,False,True
140,93,True,True,False,False,True,True,False,True,False,True
204,69,True,False,False,False,False,False,True,False,False,True
137,205,True,True,True,False,2,2,2,2,2,2
205,137,True,False,True,2,2,2,2,2,2,2
211,203,False,True,True,True,False,True,False,False,False,2
203,211,False,True,True,False,False,True,True,False,False,2
69,204,True,False,True,False,False,False,True,False,True,True
39,205,True,True,True,True,True,True,True,False,False,False
71,211,False,False,False,True,True,True,2,2,2,2
211,71,False,False,True,True,True,True,True,2,2,2
205,39,True,False,False,False,False,False,True,True,True,False
39,214,True,False,2,2,2,2,2,2,2,2
202,114,False,True,True,False,True,False,True,True,False,True
7,96,False,True,False,False,True,False,False,False,True,True
214,39,False,False,2,2,2,2,2,2,2,2
198,177,True,True,False,False,False,False,True,False,True,False
22,29,True,False,True,False,True,True,False,False,True,False
96,7,True,True,False,True,True,True,True,False,False,True
177,198,False,False,True,False,False,True,False,True,False,False
8,216,True,True,False,2,2,2,2,2,2,2
8,217,False,2,2,2,2,2,2,2,2,2
69,57,True,False,False,True,False,True,False,True,False,True
217,216,True,False,True,False,False,False,False,False,False,False
217,8,True,True,2,2,2,2,2,2,2,2
57,69,False,True,True,True,False,False,False,True,True,False
168,130,False,False,True,True,True,False,False,False,False,True
216,217,False,True,False,False,False,False,True,True,False,False
216,8,False,False,False,2,2,2,2,2,2,2
1,190,False,True,False,True,True,False,True,False,True,False
18,168,True,False,False,2,2,2,2,2,2,2
76,84,True,True,True,True,True,False,False,True,False,False
190,1,False,False,False,True,False,True,False,False,True,False
29,22,True,False,False,False,True,True,False,True,True,True
130,168,False,False,True,True,True,True,True,True,True,True
7,142,True,False,True,True,True,False,False,False,False,True
142,198,False,False,True,False,False,2,2,2,2,2
142,7,True,True,False,False,True,False,False,True,False,True
114,202,True,True,False,False,True,False,True,2,2,2
127,64,False,False,False,False,True,True,True,True,True,True
127,94,True,True,False,False,False,False,False,False,True,2
64,127,True,False,True,False,False,True,False,True,True,False
84,76,False,True,False,False,True,True,True,False,True,False
211,79,True,False,False,True,2,2,2,2,2,2
79,211,False,True,False,True,2,2,2,2,2,2
198,142,False,False,True,False,True,False,2,2,2,2
51,36,False,True,True,False,True,False,True,False,False,False
5,139,True,True,False,True,False,True,True,True,True,False
168,160,False,False,True,False,True,False,True,True,True,False
154,111,True,False,True,False,False,False,False,False,True,True
177,7,True,False,False,False,False,False,False,False,True,False
160,168,False,True,False,True,False,False,False,True,False,False
138,69,True,True,False,True,True,False,False,True,True,False
19,190,False,True,False,False,True,False,False,False,False,False
219,124,True,True,False,False,2,2,2,2,2,2
69,138,True,False,True,False,False,False,True,False,False,True
36,51,False,False,True,False,True,True,False,True,True,True
139,5,True,False,False,False,False,False,False,True,True,False
7,177,True,True,False,False,True,True,False,False,False,False
174,224,False,False,2,2,2,2,2,2,2,2
124,219,True,True,True,False,False,2,2,2,2,2
94,127,True,False,True,False,2,2,2,2,2,2
57,204,False,False,True,True,False,False,True,False,False,False
147,23,True,False,False,False,True,True,False,True,False,False
111,154,False,True,True,False,False,True,False,False,True,True
52,84,False,True,True,True,True,True,True,False,True,False
190,19,True,True,True,True,True,True,False,True,False,2
23,147,True,False,False,True,False,False,True,False,False,2
224,174,False,True,2,2,2,2,2,2,2,2
66,15,False,False,False,False,True,True,False,False,False,False
138,194,False,False,False,False,True,True,False,False,False,False
225,192,False,False,False,False,False,False,False,False,2,2
227,80,True,True,True,False,False,True,False,False,2,2
15,66,False,True,False,True,True,False,False,True,True,False
125,183,False,True,False,False,False,False,True,False,True,2
183,125,False,False,False,False,True,True,True,True,True,False
192,225,False,False,False,False,False,True,False,2,2,2
226,22,False,False,False,False,True,False,False,False,False,False
226,29,False,False,False,False,False,False,False,False,False,False
117,89,False,False,False,False,True,False,True,True,False,True
29,226,True,True,True,True,False,False,False,True,False,False
79,203,True,True,True,True,False,True,True,2,2,2
22,226,False,False,False,False,False,True,True,False,True,True
203,79,True,True,True,True,True,False,2,2,2,2
64,162,True,True,False,False,False,False,False,False,False,2
185,147,False,False,False,False,False,True,True,True,True,False
138,204,False,False,True,True,False,False,True,False,True,True
194,138,False,False,False,True,False,False,False,False,True,False
162,64,True,False,False,False,False,False,False,True,True,True
204,138,True,True,True,True,False,True,False,False,False,False
204,57,True,False,False,True,True,True,False,False,True,False
152,84,True,False,False,True,False,True,True,True,True,False
228,180,True,False,True,False,True,False,False,False,False,False
228,189,False,True,False,True,True,False,True,True,False,True
80,227,False,False,False,False,False,True,2,2,2,2
89,117,False,True,False,False,True,False,False,True,False,True
51,42,True,False,False,False,False,False,True,False,False,True
147,185,False,True,False,False,True,True,True,False,False,True
137,229,False,True,True,True,False,False,False,True,False,False
40,230,True,2,2,2,2,2,2,2,2,2
66,140,False,False,True,False,False,False,True,True,False,False
140,66,True,True,False,False,True,False,True,False,True,True
84,152,False,False,False,False,False,False,True,True,False,2
84,52,False,False,False,False,False,False,False,False,False,2
231,228,False,True,2,2,2,2,2,2,2,2
72,143,False,False,False,False,False,False,False,False,True,False
162,127,False,True,True,False,True,True,True,True,True,True
229,137,True,False,True,False,False,False,True,False,False,False
229,163,False,True,2,2,2,2,2,2,2,2
198,233,False,True,False,2,2,2,2,2,2,2
198,234,True,True,False,True,False,True,True,False,2,2
42,51,False,True,False,False,True,False,True,False,False,2
233,177,False,2,2,2,2,2,2,2,2,2
233,198,False,True,False,True,2,2,2,2,2,2
233,234,True,False,False,False,2,2,2,2,2,2
233,53,False,True,False,True,False,False,True,False,True,True
143,72,False,False,False,False,True,True,True,True,False,2
53,233,True,False,True,True,False,False,True,False,False,2
96,234,False,True,False,False,False,False,False,False,False,False
142,234,False,False,True,False,False,False,True,True,False,2
28,154,False,False,False,True,True,False,2,2,2,2
154,28,True,False,False,True,True,False,False,False,False,True
163,229,False,True,2,2,2,2,2,2,2,2
177,233,True,2,2,2,2,2,2,2,2,2
177,234,False,True,False,True,False,True,False,False,False,2
189,228,False,True,True,True,False,False,False,False,True,True
225,59,False,True,True,True,False,True,True,False,False,False
7,234,True,True,False,False,False,True,False,2,2,2
59,225,True,False,False,False,False,False,True,False,False,False
180,228,False,True,False,True,False,False,False,False,True,2
178,22,True,False,False,False,False,False,False,True,2,2
234,142,False,False,True,True,True,True,False,False,False,2
234,177,True,False,False,False,False,False,False,False,True,2
234,198,True,False,False,True,True,False,False,False,False,2
234,233,True,False,True,2,2,2,2,2,2,2
234,7,False,True,True,False,False,False,False,False,True,2
234,96,False,True,True,False,False,True,False,False,False,2
113,143,False,False,False,True,True,False,False,True,False,2
214,216,False,True,False,True,True,True,False,True,False,2
143,113,False,True,False,False,False,False,False,True,2,2
69,194,False,False,False,False,False,False,True,False,False,2
127,162,False,False,True,False,False,False,False,False,2,2
195,128,True,True,False,False,True,False,False,True,True,2
128,195,False,False,False,False,False,True,True,True,False,2
62,238,True,True,True,False,True,True,False,False,False,2
238,62,False,False,False,False,False,True,True,True,False,2
216,214,True,False,True,False,False,False,False,2,2,2
22,178,False,False,True,False,False,True,False,True,2,2
217,214,False,False,False,False,False,True,2,2,2,2
222,86,False,False,True,False,False,True,False,False,False,2
214,217,False,True,True,False,False,True,True,False,2,2
86,222,True,False,True,False,False,False,False,False,2,2
198,206,True,True,False,False,True,True,True,2,2,2
206,198,False,True,True,False,False,False,True,2,2,2
194,69,False,True,True,False,True,True,False,True,2,2
181,88,True,False,False,False,True,False,True,2,2,2
194,57,False,False,False,True,True,True,False,2,2,2
88,181,True,True,True,False,False,False,2,2,2,2
57,194,False,True,True,True,False,False,False,2,2,2
183,91,True,True,False,True,True,False,True,False,2,2
91,183,True,True,False,False,False,False,2,2,2,2
226,178,False,False,False,True,False,False,2,2,2,2
178,226,True,False,True,False,False,2,2,2,2,2
194,204,True,True,False,False,True,2,2,2,2,2
119,38,False,False,False,False,True,True,True,2,2,2
204,194,False,False,True,False,False,False,2,2,2,2
198,7,True,False,False,2,2,2,2,2,2,2
242,205,True,False,True,False,False,2,2,2,2,2
242,39,True,True,True,False,True,2,2,2,2,2
38,119,True,True,True,True,True,True,2,2,2,2
34,141,True,False,True,True,True,2,2,2,2,2
174,128,False,True,False,False,2,2,2,2,2,2
168,232,False,False,True,False,False,True,2,2,2,2
160,18,False,True,True,True,False,False,2,2,2,2
160,232,True,False,False,2,2,2,2,2,2,2
7,198,False,False,False,False,2,2,2,2,2,2
141,34,False,True,False,False,False,2,2,2,2,2
18,160,False,False,False,False,2,2,2,2,2,2
130,232,True,2,2,2,2,2,2,2,2,2
39,242,False,False,False,False,2,2,2,2,2,2
128,174,True,False,True,True,False,2,2,2,2,2
232,130,False,2,2,2,2,2,2,2,2,2
232,160,True,False,True,2,2,2,2,2,2,2
232,168,True,True,False,False,True,2,2,2,2,2
205,242,True,False,False,False,True,2,2,2,2,2
53,206,False,True,False,2,2,2,2,2,2,2
59,230,True,False,True,False,2,2,2,2,2,2
206,53,False,True,2,2,2,2,2,2,2,2
152,151,False,False,2,2,2,2,2,2,2,2
52,151,True,True,True,False,2,2,2,2,2,2
151,152,True,False,True,2,2,2,2,2,2,2
151,52,True,False,True,2,2,2,2,2,2,2
199,156,True,True,2,2,2,2,2,2,2,2
10,230,False,False,True,False,2,2,2,2,2,2
156,199,True,False,False,2,2,2,2,2,2,2
241,107,False,True,True,2,2,2,2,2,2,2
234,206,True,True,False,2,2,2,2,2,2,2
225,230,True,True,False,2,2,2,2,2,2,2
11,60,True,False,2,2,2,2,2,2,2,2
162,94,True,False,False,2,2,2,2,2,2,2
233,246,True,True,False,2,2,2,2,2,2,2
7,206,False,False,2,2,2,2,2,2,2,2
60,11,False,True,2,2,2,2,2,2,2,2
176,120,False,True,2,2,2,2,2,2,2,2
246,233,True,False,2,2,2,2,2,2,2,2
120,176,True,2,2,2,2,2,2,2,2,2
172,248,False,2,2,2,2,2,2,2,2,2
248,172,False,2,2,2,2,2,2,2,2,2
130,144,True,2,2,2,2,2,2,2,2,2
84,151,False,2,2,2,2,2,2,2,2,2
94,162,True,2,2,2,2,2,2,2,2,2
144,130,False,2,2,2,2,2,2,2,2,2
206,234,False,2,2,2,2,2,2,2,2,2
206,7,True,2,2,2,2,2,2,2,2,2
230,10,True,2,2,2,2,2,2,2,2,2
230,225,True,2,2,2,2,2,2,2,2,2
230,59,False,2,2,2,2,2,2,2,2,2
151,84,False,2,2,2,2,2,2,2,2,2
107,241,False,2,2,2,2,2,2,2,2,2
